Agency Name,State Name [District] Latest available year,Grade 10 Students - American Indian/Alaska Native [District] 2016-17,Grade 10 Students - Asian or Asian/Pacific Islander [District] 2016-17,Grade 10 Students - Hispanic [District] 2016-17,Grade 10 Students - Black [District] 2016-17,Grade 10 Students - White [District] 2016-17,Grade 10 Students - Hawaiian Nat./Pacific Isl. [District] 2016-17,Grade 10 Students - Two or More Races [District] 2016-17,Grade 11 Students - American Indian/Alaska Native [District] 2016-17,Grade 11 Students - Asian or Asian/Pacific Islander [District] 2016-17,Grade 11 Students - Hispanic [District] 2016-17,Grade 11 Students - Black [District] 2016-17,Grade 11 Students - White [District] 2016-17,Grade 11 Students - Hawaiian Nat./Pacific Isl. [District] 2016-17,Grade 11 Students - Two or More Races [District] 2016-17,Grade 12 Students - American Indian/Alaska Native [District] 2016-17,Grade 12 Students - Asian or Asian/Pacific Islander [District] 2016-17,Grade 12 Students - Hispanic [District] 2016-17,Grade 12 Students - Black [District] 2016-17,Grade 12 Students - White [District] 2016-17,Grade 12 Students - Hawaiian Nat./Pacific Isl. [District] 2016-17,Grade 12 Students - Two or More Races [District] 2016-17
ABC UNIFIED,California,4,623,656,159,100,12,32,–,687,752,158,95,15,31,8,701,719,165,119,11,30
ACALANES UNION HIGH,California,2,200,144,20,885,2,132,4,247,141,25,926,6,84,2,203,94,23,915,5,76
ACKERMAN CHARTER,California,†,†,†,†,†,†,†,†,†,†,†,†,†,†,†,†,†,†,†,†,†
ACTON-AGUA DULCE UNIFIED,California,5,16,316,81,244,3,58,4,15,336,94,227,2,76,2,21,367,78,224,–,75
ADELANTO ELEMENTARY,California,2,4,325,103,81,1,17,1,2,331,100,91,1,26,1,3,188,46,40,–,14
ALAMEDA CNTY. STUDENT EXCHANGE PROG.,California,†,†,†,†,†,†,†,†,†,†,†,†,†,†,†,†,†,†,†,†,†
ALAMEDA COUNTY OFFICE OF EDUCATION,California,–,3,81,54,8,2,4,3,9,86,84,4,3,4,1,8,103,114,16,1,10
ALAMEDA UNIFIED,California,1,315,164,89,241,7,65,6,389,170,102,215,9,42,3,363,172,97,217,5,53
ALBANY CITY UNIFIED,California,1,95,53,16,98,2,34,1,90,50,11,111,1,33,1,84,50,15,120,–,30
ALEXANDER VALLEY UNION ELEMENTARY,California,†,†,†,†,†,†,†,†,†,†,†,†,†,†,†,†,†,†,†,†,†
ALHAMBRA UNIFIED,California,3,1011,685,12,33,4,31,4,1136,676,10,31,–,46,7,1061,721,16,40,1,31
ALISAL UNION,California,†,†,†,†,†,†,†,†,†,†,†,†,†,†,†,†,†,†,†,†,†
ALLENSWORTH ELEMENTARY,California,†,†,†,†,†,†,†,†,†,†,†,†,†,†,†,†,†,†,†,†,†
ALPAUGH UNIFIED,California,2,1,44,2,20,–,–,–,1,48,3,23,–,3,1,1,47,2,28,–,3
ALPINE COUNTY OFFICE OF EDUCATION,California,0,0,0,0,0,0,0,0,0,0,0,0,0,0,2,–,–,–,–,–,–
ALPINE COUNTY UNIFIED,California,0,0,0,0,0,0,0,0,0,0,0,0,0,0,0,0,0,0,0,0,0
ALPINE UNION ELEMENTARY,California,†,†,†,†,†,†,†,†,†,†,†,†,†,†,†,†,†,†,†,†,†
ALTA LOMA ELEMENTARY,California,†,†,†,†,†,†,†,†,†,†,†,†,†,†,†,†,†,†,†,†,†
ALTA VISTA ELEMENTARY,California,†,†,†,†,†,†,†,†,†,†,†,†,†,†,†,†,†,†,†,†,†
ALTA-DUTCH FLAT UNION ELEMENTARY,California,†,†,†,†,†,†,†,†,†,†,†,†,†,†,†,†,†,†,†,†,†
ALUM ROCK UNION ELEMENTARY,California,†,†,†,†,†,†,†,†,†,†,†,†,†,†,†,†,†,†,†,†,†
ALVIEW-DAIRYLAND UNION ELEMENTARY,California,†,†,†,†,†,†,†,†,†,†,†,†,†,†,†,†,†,†,†,†,†
ALVINA ELEMENTARY,California,†,†,†,†,†,†,†,†,†,†,†,†,†,†,†,†,†,†,†,†,†
ALVORD UNIFIED,California,7,74,1172,60,151,4,21,2,73,1188,59,139,5,21,4,86,1221,77,156,8,12
AMADOR COUNTY OFFICE OF EDUCATION,California,–,–,2,–,7,–,1,3,–,5,–,11,–,4,–,–,6,–,12,–,–
AMADOR COUNTY ROP,California,†,†,†,†,†,†,†,†,†,†,†,†,†,†,0,0,0,0,0,0,0
AMADOR COUNTY UNIFIED,California,10,5,54,1,195,–,29,5,6,71,1,228,3,21,4,3,60,2,222,–,24
ANAHEIM ELEMENTARY,California,†,†,†,†,†,†,†,†,†,†,†,†,†,†,†,†,†,†,†,†,†
ANAHEIM UNION HIGH,California,17,946,3519,112,521,23,86,61,961,3386,125,597,31,92,13,904,3303,134,544,23,278
ANDERSON UNION HIGH,California,26,13,83,5,330,4,17,32,11,58,9,319,5,15,23,11,80,8,296,–,8
ANDERSON VALLEY UNIFIED,California,–,–,37,–,9,–,1,1,–,25,–,12,–,–,–,–,40,1,11,–,–
ANTELOPE ELEMENTARY,California,†,†,†,†,†,†,†,†,†,†,†,†,†,†,†,†,†,†,†,†,†
ANTELOPE VALLEY ROP,California,0,0,0,0,0,0,0,0,0,0,0,0,0,0,0,0,0,0,0,0,0
ANTELOPE VALLEY SCHOOLS TRANSPORTATION AGENCY,California,†,†,†,†,†,†,†,†,†,†,†,†,†,†,†,†,†,†,†,†,†
ANTELOPE VALLEY UNION HIGH,California,22,149,3548,1084,845,15,223,24,159,3602,982,772,12,236,20,162,3627,1071,807,13,272
ANTIOCH UNIFIED,California,7,134,575,365,205,12,61,9,156,546,375,222,16,29,19,149,557,409,256,12,41
APPLE VALLEY UNIFIED,California,5,49,493,103,397,6,15,10,35,435,84,393,6,24,9,44,447,114,453,4,13
ARCADIA UNIFIED,California,2,585,114,19,103,1,9,1,614,127,12,117,–,12,1,611,138,16,117,3,16
ARCATA ELEMENTARY,California,†,†,†,†,†,†,†,†,†,†,†,†,†,†,†,†,†,†,†,†,†
ARCOHE UNION ELEMENTARY,California,†,†,†,†,†,†,†,†,†,†,†,†,†,†,†,†,†,†,†,†,†
ARENA UNION ELEMENTARY,California,–,–,2,–,3,–,–,–,–,2,–,2,–,–,–,–,–,–,1,–,–
ARENA UNION ELEMENTARY/POINT ARENA JOINT UNION HIGH,California,†,†,†,†,†,†,†,†,†,†,†,†,†,†,†,†,†,†,†,†,†
ARMONA UNION ELEMENTARY,California,3,1,23,6,27,–,6,2,3,50,2,55,–,4,4,1,38,3,50,–,4
AROMAS - SAN JUAN UNIFIED,California,–,1,58,2,27,–,–,–,1,74,–,21,–,–,1,2,38,–,13,–,4
ARVIN UNION,California,†,†,†,†,†,†,†,†,†,†,†,†,†,†,†,†,†,†,†,†,†
ATASCADERO UNIFIED,California,2,13,96,6,230,–,7,9,6,120,9,234,1,3,3,9,96,7,198,–,4
ATWATER ELEMENTARY,California,†,†,†,†,†,†,†,†,†,†,†,†,†,†,†,†,†,†,†,†,†
AUBURN UNION ELEMENTARY,California,†,†,†,†,†,†,†,†,†,†,†,†,†,†,†,†,†,†,†,†,†
AZUSA UNIFIED,California,3,8,584,12,22,1,6,1,15,615,8,28,–,5,–,21,622,7,23,–,4
BAKER VALLEY UNIFIED,California,–,–,12,–,2,–,–,–,–,5,–,1,–,–,–,–,9,–,1,–,–
BAKERSFIELD CITY,California,†,†,†,†,†,†,†,†,†,†,†,†,†,†,†,†,†,†,†,†,†
BALDWIN PARK UNIFIED,California,70,106,1492,118,132,10,185,53,96,1499,127,123,9,154,43,114,1565,109,117,6,153
BALDY VIEW ROP,California,0,0,0,0,0,0,0,0,0,0,0,0,0,0,0,0,0,0,0,0,0
BALDY VIEW ROP JPA,California,†,†,†,†,†,†,†,†,†,†,†,†,†,†,†,†,†,†,†,†,†
BALLARD ELEMENTARY,California,†,†,†,†,†,†,†,†,†,†,†,†,†,†,†,†,†,†,†,†,†
BALLICO-CRESSEY ELEMENTARY,California,†,†,†,†,†,†,†,†,†,†,†,†,†,†,†,†,†,†,†,†,†
BANGOR UNION ELEMENTARY,California,†,†,†,†,†,†,†,†,†,†,†,†,†,†,†,†,†,†,†,†,†
BANNING UNIFIED,California,10,21,240,25,39,1,6,19,19,213,30,50,–,5,13,25,215,32,38,3,4
BANTA ELEMENTARY,California,†,†,†,†,†,†,†,†,†,†,†,†,†,†,†,†,†,†,†,†,†
BARSTOW UNIFIED,California,8,9,213,64,82,2,17,7,8,183,67,74,6,14,5,8,221,56,98,9,11
BASS LAKE JOINT UNION ELEMENTARY,California,†,†,†,†,†,†,†,†,†,†,†,†,†,†,†,†,†,†,†,†,†
BASSETT UNIFIED,California,–,13,260,3,3,–,–,1,9,270,3,7,–,–,1,14,266,5,5,–,–
BAYSHORE ELEMENTARY,California,†,†,†,†,†,†,†,†,†,†,†,†,†,†,†,†,†,†,†,†,†
BEAR VALLEY UNIFIED,California,–,2,66,3,110,–,5,–,1,67,4,121,1,5,3,4,78,2,107,–,7
BEARDSLEY ELEMENTARY,California,†,†,†,†,†,†,†,†,†,†,†,†,†,†,†,†,†,†,†,†,†
BEAUMONT UNIFIED,California,10,44,381,41,224,1,18,9,36,324,46,243,1,12,8,52,371,42,235,2,17
BELLA VISTA ELEMENTARY,California,†,†,†,†,†,†,†,†,†,†,†,†,†,†,†,†,†,†,†,†,†
BELLEVIEW ELEMENTARY,California,†,†,†,†,†,†,†,†,†,†,†,†,†,†,†,†,†,†,†,†,†
BELLEVUE UNION,California,1,2,20,–,1,–,1,–,–,1,–,–,–,–,0,0,0,0,0,0,0
BELLFLOWER UNIFIED,California,3,76,597,126,99,10,24,5,84,612,123,80,7,24,5,100,611,140,127,8,23
BELMONT-REDWOOD SHORES ELEMENTARY,California,†,†,†,†,†,†,†,†,†,†,†,†,†,†,†,†,†,†,†,†,†
BELRIDGE ELEMENTARY,California,†,†,†,†,†,†,†,†,†,†,†,†,†,†,†,†,†,†,†,†,†
BENICIA UNIFIED,California,–,53,64,36,201,–,57,1,54,81,33,184,3,70,2,56,75,39,221,3,50
BENNETT VALLEY UNION ELEMENTARY,California,†,†,†,†,†,†,†,†,†,†,†,†,†,†,†,†,†,†,†,†,†
BERKELEY UNIFIED,California,6,72,194,146,302,2,87,–,71,252,149,306,–,89,1,94,199,190,309,4,94
BERRYESSA UNION ELEMENTARY,California,†,†,†,†,†,†,†,†,†,†,†,†,†,†,†,†,†,†,†,†,†
BEVERLY HILLS UNIFIED,California,1,61,33,5,309,1,4,1,50,27,12,301,1,3,1,59,28,12,282,–,9
BIG CREEK ELEMENTARY,California,†,†,†,†,†,†,†,†,†,†,†,†,†,†,†,†,†,†,†,†,†
BIG LAGOON UNION ELEMENTARY,California,†,†,†,†,†,†,†,†,†,†,†,†,†,†,†,†,†,†,†,†,†
BIG OAK FLAT-GROVELAND UNIFIED,California,3,–,6,–,17,–,2,1,–,5,–,16,–,–,–,1,4,–,21,–,–
BIG PINE UNIFIED,California,3,–,4,–,1,–,–,4,–,3,–,3,–,–,7,–,1,–,5,–,1
BIG SPRINGS UNION ELEMENTARY,California,†,†,†,†,†,†,†,†,†,†,†,†,†,†,†,†,†,†,†,†,†
BIG SUR UNIFIED,California,–,–,–,–,1,–,–,–,–,1,–,2,–,–,–,–,1,–,1,–,–
BIG VALLEY JOINT UNIFIED,California,–,–,3,–,17,–,–,2,–,1,–,11,–,–,1,–,2,–,10,–,–
BIGGS UNIFIED,California,1,2,14,2,29,–,1,–,2,19,–,30,–,1,–,3,15,1,15,–,–
BISHOP UNIFIED,California,23,2,58,–,64,–,17,16,4,46,1,69,–,14,20,1,66,–,70,–,8
BITTERWATER-TULLY ELEMENTARY,California,†,†,†,†,†,†,†,†,†,†,†,†,†,†,†,†,†,†,†,†,†
BLACK BUTTE UNION ELEMENTARY,California,†,†,†,†,†,†,†,†,†,†,†,†,†,†,†,†,†,†,†,†,†
BLACK OAK MINE UNIFIED,California,1,1,7,–,73,–,–,4,–,8,2,85,–,–,5,2,12,1,84,–,1
BLAKE ELEMENTARY,California,†,†,†,†,†,†,†,†,†,†,†,†,†,†,†,†,†,†,†,†,†
BLOCHMAN UNION ELEMENTARY,California,–,1,12,–,41,–,5,1,–,17,3,52,–,3,1,2,25,–,35,–,8
BLP SCHS SELF-INC. WORKERS COMPENSATION,California,†,†,†,†,†,†,†,†,†,†,†,†,†,†,†,†,†,†,†,†,†
BLUE LAKE UNION ELEMENTARY,California,†,†,†,†,†,†,†,†,†,†,†,†,†,†,†,†,†,†,†,†,†
BOGUS ELEMENTARY,California,†,†,†,†,†,†,†,†,†,†,†,†,†,†,†,†,†,†,†,†,†
BOLINAS-STINSON UNION,California,†,†,†,†,†,†,†,†,†,†,†,†,†,†,†,†,†,†,†,†,†
BONITA UNIFIED,California,1,65,420,32,261,2,86,3,91,417,28,247,2,75,4,63,445,25,281,3,84
BONNY DOON UNION ELEMENTARY,California,†,†,†,†,†,†,†,†,†,†,†,†,†,†,†,†,†,†,†,†,†
BONSALL UNIFIED,CALIFORNIA,3,5,45,–,41,–,11,3,3,45,2,34,–,5,–,1,35,1,6,–,1
BORREGO SPRINGS UNIFIED,California,–,1,150,8,11,–,3,1,1,144,9,15,1,6,–,–,64,3,10,1,2
BRADLEY UNION ELEMENTARY,California,1,1,2,–,10,–,–,–,–,1,1,10,–,4,1,1,3,–,4,–,4
BRAWLEY ELEMENTARY,California,†,†,†,†,†,†,†,†,†,†,†,†,†,†,†,†,†,†,†,†,†
BRAWLEY UNION HIGH,California,–,4,416,9,34,–,2,–,4,406,3,36,–,2,1,5,440,4,37,–,1
BREA-OLINDA UNIFIED,California,–,148,161,10,168,1,14,–,103,176,7,172,4,13,1,98,149,11,201,3,4
BRENTWOOD UNION ELEMENTARY,California,†,†,†,†,†,†,†,†,†,†,†,†,†,†,†,†,†,†,†,†,†
BRET HARTE UNION HIGH,California,3,5,34,–,128,–,16,3,3,29,–,121,–,7,2,1,45,–,119,–,8
BRIDGEVILLE ELEMENTARY,California,†,†,†,†,†,†,†,†,†,†,†,†,†,†,†,†,†,†,†,†,†
BRIGGS ELEMENTARY,California,†,†,†,†,†,†,†,†,†,†,†,†,†,†,†,†,†,†,†,†,†
BRISBANE ELEMENTARY,California,†,†,†,†,†,†,†,†,†,†,†,†,†,†,†,†,†,†,†,†,†
BRITTAN ELEMENTARY,California,†,†,†,†,†,†,†,†,†,†,†,†,†,†,†,†,†,†,†,†,†
BROWNS ELEMENTARY,California,†,†,†,†,†,†,†,†,†,†,†,†,†,†,†,†,†,†,†,†,†
BUCKEYE UNION ELEMENTARY,California,†,†,†,†,†,†,†,†,†,†,†,†,†,†,†,†,†,†,†,†,†
BUELLTON UNION ELEMENTARY,California,†,†,†,†,†,†,†,†,†,†,†,†,†,†,†,†,†,†,†,†,†
BUENA PARK ELEMENTARY,California,†,†,†,†,†,†,†,†,†,†,†,†,†,†,†,†,†,†,†,†,†
BUENA VISTA ELEMENTARY,California,†,†,†,†,†,†,†,†,†,†,†,†,†,†,†,†,†,†,†,†,†
BURBANK UNIFIED,California,12,141,643,41,661,–,76,11,137,630,48,683,–,83,9,117,614,43,704,–,64
BURLINGAME ELEMENTARY,California,†,†,†,†,†,†,†,†,†,†,†,†,†,†,†,†,†,†,†,†,†
BURNT RANCH ELEMENTARY,California,†,†,†,†,†,†,†,†,†,†,†,†,†,†,†,†,†,†,†,†,†
BURREL UNION ELEMENTARY,California,†,†,†,†,†,†,†,†,†,†,†,†,†,†,†,†,†,†,†,†,†
BURTON ELEMENTARY,California,4,5,65,1,30,–,–,1,1,55,1,27,–,–,1,3,31,–,18,–,–
BUTTE COUNTY OFFICE OF EDUCATION,California,4,1,31,2,95,–,13,2,5,20,2,101,–,9,6,4,38,6,120,2,21
BUTTE COUNTY ROP,California,0,0,0,0,0,0,0,0,0,0,0,0,0,0,0,0,0,0,0,0,0
BUTTE VALLEY UNIFIED,California,–,–,8,–,13,–,1,1,–,9,–,8,–,1,1,–,7,–,6,–,1
BUTTEVILLE UNION ELEMENTARY,California,†,†,†,†,†,†,†,†,†,†,†,†,†,†,†,†,†,†,†,†,†
BUTTONWILLOW UNION ELEMENTARY,California,†,†,†,†,†,†,†,†,†,†,†,†,†,†,†,†,†,†,†,†,†
BYRON UNION ELEMENTARY,California,–,2,21,3,36,–,3,1,1,18,1,23,–,2,–,5,34,1,28,–,2
CA ADVANCING PATHWAYS FOR STUDENTS IN LOS ANGELES CO JPA,CALIFORNIA,†,†,†,†,†,†,†,†,†,†,†,†,†,†,†,†,†,†,†,†,†
CA ADVANCING PATHWAYS FOR STUDENTS IN LOS ANGELES CO ROC/P,CALIFORNIA,0,0,0,0,0,0,0,0,0,0,0,0,0,0,0,0,0,0,0,0,0
CA SCH FOR THE DEAF-RIVERSIDE (STATE SPECIAL SCHL),California,–,1,19,2,8,–,1,–,–,34,5,9,1,1,–,5,53,5,6,1,3
CABRILLO UNIFIED,California,–,7,115,1,105,–,9,–,7,115,3,137,–,4,2,9,136,1,121,–,8
CAJON VALLEY UNION,California,†,†,†,†,†,†,†,†,†,†,†,†,†,†,†,†,†,†,†,†,†
CALAVERAS COUNTY OFFICE OF EDUCATION,California,–,1,12,1,24,–,3,–,–,16,1,34,1,5,1,–,12,1,52,1,6
CALAVERAS UNIFIED,California,5,5,37,2,194,1,9,7,5,35,3,188,1,8,3,3,33,4,192,1,7
CALEXICO UNIFIED,California,–,2,856,–,–,–,1,–,1,842,–,5,–,–,–,4,734,–,5,–,1
CALIENTE UNION ELEMENTARY,California,†,†,†,†,†,†,†,†,†,†,†,†,†,†,†,†,†,†,†,†,†
CALIFORNIA EDUCATION AUTHORITY (CEA) HEADQUARTERS,California,1,2,38,19,2,–,–,–,3,76,29,5,1,–,–,4,93,74,20,2,–
CALIFORNIA SCHOOL FOR THE BLIND (STATE SPECIAL SCHL),California,–,–,4,–,2,–,–,–,–,–,1,4,–,–,–,1,5,–,1,1,1
CALIFORNIA SCHOOL FOR THE DEAF-FREMONT (STATE SPECIAL SCHL),California,–,2,17,2,13,–,1,–,10,17,6,6,–,1,1,11,47,7,16,1,3
CALIPATRIA UNIFIED,California,–,–,89,2,10,–,–,–,–,88,4,7,–,–,–,–,82,1,3,–,1
CALISTOGA JOINT UNIFIED,California,–,–,46,–,9,–,1,1,2,37,–,10,–,–,–,–,58,–,15,–,–
CAMBRIAN,California,†,†,†,†,†,†,†,†,†,†,†,†,†,†,†,†,†,†,†,†,†
CAMINO UNION ELEMENTARY,California,†,†,†,†,†,†,†,†,†,†,†,†,†,†,†,†,†,†,†,†,†
CAMPBELL UNION,California,†,†,†,†,†,†,†,†,†,†,†,†,†,†,†,†,†,†,†,†,†
CAMPBELL UNION HIGH,California,8,269,709,58,913,14,85,11,341,675,55,767,12,75,4,273,596,44,749,12,120
CAMPTONVILLE ELEMENTARY,California,–,–,9,–,22,–,8,1,1,9,–,17,–,3,1,–,10,–,28,1,8
CANYON ELEMENTARY,California,†,†,†,†,†,†,†,†,†,†,†,†,†,†,†,†,†,†,†,†,†
CAPAY JOINT UNION ELEMENTARY,California,†,†,†,†,†,†,†,†,†,†,†,†,†,†,†,†,†,†,†,†,†
CAPISTRANO UNIFIED,California,12,338,1143,78,2642,5,340,8,347,1158,73,2703,9,321,13,317,1083,78,2700,4,329
CARDIFF ELEMENTARY,California,†,†,†,†,†,†,†,†,†,†,†,†,†,†,†,†,†,†,†,†,†
CARLSBAD UNIFIED,California,5,53,268,14,499,2,63,3,86,252,6,557,1,60,9,53,232,19,492,5,60
CARMEL UNIFIED,California,–,8,53,2,129,2,37,–,11,31,–,142,–,35,1,10,31,2,135,2,27
CARPINTERIA UNIFIED,California,–,5,123,1,27,–,4,1,3,111,2,37,–,2,2,2,142,1,36,–,1
CARUTHERS UNIFIED,California,1,10,135,–,16,1,3,–,8,119,–,19,–,1,2,15,105,1,16,–,1
CASCADE UNION ELEMENTARY,California,†,†,†,†,†,†,†,†,†,†,†,†,†,†,†,†,†,†,†,†,†
CASTAIC UNION,California,†,†,†,†,†,†,†,†,†,†,†,†,†,†,†,†,†,†,†,†,†
CASTLE ROCK UNION ELEMENTARY,California,†,†,†,†,†,†,†,†,†,†,†,†,†,†,†,†,†,†,†,†,†
CASTRO VALLEY UNIFIED,California,3,219,183,55,205,3,76,4,263,172,63,206,–,62,2,206,198,56,240,6,71
CAYUCOS ELEMENTARY,California,†,†,†,†,†,†,†,†,†,†,†,†,†,†,†,†,†,†,†,†,†
CENTER FOR ADVANCED RESEARCH & TECH (CART) JPA,California,†,†,†,†,†,†,†,†,†,†,†,†,†,†,†,†,†,†,†,†,†
CENTER JOINT UNIFIED,California,4,39,105,61,168,3,10,3,40,97,38,152,2,10,7,41,73,45,176,4,9
CENTINELA VALLEY UNION HIGH,California,1,47,1261,263,46,10,54,2,58,1273,305,44,17,41,3,75,1317,339,47,16,59
CENTRAL CALIF MIGRANT HEAD START JPA,California,†,†,†,†,†,†,†,†,†,†,†,†,†,†,†,†,†,†,†,†,†
CENTRAL CALIFORNIA SCHOOL FINANCE AUTHORITY JPA,California,†,†,†,†,†,†,†,†,†,†,†,†,†,†,†,†,†,†,†,†,†
CENTRAL ELEMENTARY,California,†,†,†,†,†,†,†,†,†,†,†,†,†,†,†,†,†,†,†,†,†
CENTRAL ORANGE COUNTY CTE PARTNERSHIP (CTEP),California,0,0,0,0,0,0,0,0,0,0,0,0,0,0,0,0,0,0,0,0,0
CENTRAL SIERRA ROP,California,0,0,0,0,0,0,0,0,0,0,0,0,0,0,0,0,0,0,0,0,0
CENTRAL SIERRA ROP JPA,California,†,†,†,†,†,†,†,†,†,†,†,†,†,†,†,†,†,†,†,†,†
CENTRAL UNIFIED,California,10,157,628,131,175,3,15,6,164,589,98,198,2,15,7,174,633,99,216,4,12
CENTRAL UNION ELEMENTARY,California,†,†,†,†,†,†,†,†,†,†,†,†,†,†,†,†,†,†,†,†,†
CENTRAL UNION HIGH,California,1,11,978,18,37,–,2,–,12,917,3,32,–,1,3,12,858,7,40,1,2
CENTRAL VALLEY PRE-SCHOOL JPA,California,†,†,†,†,†,†,†,†,†,†,†,†,†,†,†,†,†,†,†,†,†
CENTRAL VALLEY SUPPORT SERVICES JPA,California,†,†,†,†,†,†,†,†,†,†,†,†,†,†,†,†,†,†,†,†,†
CENTRALIA ELEMENTARY,California,†,†,†,†,†,†,†,†,†,†,†,†,†,†,†,†,†,†,†,†,†
CERES UNIFIED,California,5,62,795,16,158,7,7,9,56,743,15,178,7,10,8,65,725,19,152,9,13
CHAFFEY JOINT UNION HIGH,California,25,527,3838,446,935,27,137,27,501,3777,480,1063,31,121,22,454,3840,505,1072,22,149
CHARTER OAK UNIFIED,California,–,31,254,12,77,2,12,4,29,283,21,102,2,12,4,31,260,21,119,–,7
CHATOM UNION,California,†,†,†,†,†,†,†,†,†,†,†,†,†,†,†,†,†,†,†,†,†
CHAWANAKEE UNIFIED,California,6,1,33,1,93,–,4,13,3,28,2,73,–,2,8,1,29,2,92,–,2
CHICAGO PARK ELEMENTARY,California,†,†,†,†,†,†,†,†,†,†,†,†,†,†,†,†,†,†,†,†,†
CHICO UNIFIED,California,20,64,257,25,707,4,57,10,82,232,34,666,10,47,21,75,244,30,648,9,34
CHINO VALLEY UNIFIED,California,3,431,1305,100,448,7,50,5,432,1338,90,485,5,68,4,391,1470,105,504,5,61
CHOWCHILLA ELEMENTARY,California,†,†,†,†,†,†,†,†,†,†,†,†,†,†,†,†,†,†,†,†,†
CHOWCHILLA UNION HIGH,California,3,3,175,9,98,1,2,2,6,153,2,74,–,1,2,10,148,9,89,–,1
CHUALAR UNION,California,†,†,†,†,†,†,†,†,†,†,†,†,†,†,†,†,†,†,†,†,†
CHULA VISTA ELEMENTARY,California,–,3,196,3,12,–,–,–,4,143,3,14,1,1,–,–,52,2,9,–,–
CIENEGA UNION ELEMENTARY,California,†,†,†,†,†,†,†,†,†,†,†,†,†,†,†,†,†,†,†,†,†
CINNABAR ELEMENTARY,California,†,†,†,†,†,†,†,†,†,†,†,†,†,†,†,†,†,†,†,†,†
CLAREMONT UNIFIED,California,1,74,242,25,215,3,61,1,68,283,30,223,2,63,–,81,241,40,222,1,46
CLAY JOINT ELEMENTARY,California,†,†,†,†,†,†,†,†,†,†,†,†,†,†,†,†,†,†,†,†,†
CLEAR CREEK ELEMENTARY,California,†,†,†,†,†,†,†,†,†,†,†,†,†,†,†,†,†,†,†,†,†
CLOVERDALE UNIFIED,California,4,–,45,1,30,2,1,3,1,59,–,39,2,3,4,1,62,–,51,–,2
CLOVIS UNIFIED,California,23,510,1120,101,1404,7,89,22,518,1130,101,1472,6,82,29,537,1002,103,1473,6,95
COACHELLA VALLEY UNIFIED,California,2,3,1287,4,11,–,9,3,–,1318,2,9,–,24,6,5,1180,–,11,–,7
COALINGA-HURON UNIFIED,California,–,9,270,2,33,–,1,–,6,279,3,27,–,3,–,1,264,4,48,–,1
COAST UNIFIED,California,–,2,27,–,19,–,1,1,1,31,–,29,1,1,1,2,27,1,27,2,3
COASTLINE ROP,California,0,0,0,0,0,0,0,0,0,0,0,0,0,0,0,0,0,0,0,0,0
COASTLINE ROP JPA,California,†,†,†,†,†,†,†,†,†,†,†,†,†,†,†,†,†,†,†,†,†
COFFEE CREEK ELEMENTARY,California,†,†,†,†,†,†,†,†,†,†,†,†,†,†,†,†,†,†,†,†,†
COLD SPRING ELEMENTARY,California,†,†,†,†,†,†,†,†,†,†,†,†,†,†,†,†,†,†,†,†,†
COLFAX ELEMENTARY,California,†,†,†,†,†,†,†,†,†,†,†,†,†,†,†,†,†,†,†,†,†
COLLEGE AND CAREER ADVANTAGE,California,0,0,0,0,0,0,0,0,0,0,0,0,0,0,0,0,0,0,0,0,0
COLLEGE ELEMENTARY,California,†,†,†,†,†,†,†,†,†,†,†,†,†,†,†,†,†,†,†,†,†
COLTON JOINT UNIFIED,California,7,46,1377,79,119,7,15,8,51,1337,88,123,5,4,4,49,1385,90,156,3,7
COLTON-REDLANDS-YUCAIPA ROP,California,0,0,0,0,0,0,0,0,0,0,0,0,0,0,0,0,0,0,0,0,0
COLTON-REDLANDS-YUCAIPA ROP JPA,California,†,†,†,†,†,†,†,†,†,†,†,†,†,†,†,†,†,†,†,†,†
COLUMBIA ELEMENTARY,California,0,0,0,0,0,0,0,0,0,0,0,0,0,0,0,0,0,0,0,0,0
COLUMBIA UNION,California,†,†,†,†,†,†,†,†,†,†,†,†,†,†,†,†,†,†,†,†,†
COLUMBINE ELEMENTARY,California,†,†,†,†,†,†,†,†,†,†,†,†,†,†,†,†,†,†,†,†,†
COLUSA COUNTY OFFICE OF EDUCATION,California,0,0,0,0,0,0,0,–,–,2,–,1,–,–,0,0,0,0,0,0,0
COLUSA UNIFIED,California,3,1,78,–,31,–,–,9,2,64,–,41,–,–,5,2,67,–,35,–,–
COMMUNITY DAY SCHOOL JOINT POWERS AGENCY,California,†,†,†,†,†,†,†,†,†,†,†,†,†,†,†,†,†,†,†,†,†
COMPTON UNIFIED,California,1,–,1048,195,4,8,6,2,3,1083,203,–,5,2,1,3,1047,254,5,8,8
COMPTON UNIFIED ROP,California,0,0,0,0,0,0,0,0,0,0,0,0,0,0,0,0,0,0,0,0,0
CONEJO VALLEY UNIFIED,California,13,198,405,35,1045,7,54,7,218,428,35,1108,4,56,14,220,406,33,1113,4,63
CONTRA COSTA COUNTY OFFICE OF EDUCATION,California,1,68,180,49,336,4,71,5,63,173,50,276,4,40,2,71,213,53,286,8,52
CONTRA COSTA COUNTY ROP,California,0,0,0,0,0,0,0,0,0,0,0,0,0,0,0,0,0,0,0,0,0
CONTRA COSTA SELPA,California,†,†,†,†,†,†,†,†,†,†,†,†,†,†,†,†,†,†,†,†,†
CORCORAN JOINT UNIFIED,California,1,1,208,7,22,–,–,–,1,201,9,16,–,–,–,1,159,16,22,–,–
CORNING UNION ELEMENTARY,California,†,†,†,†,†,†,†,†,†,†,†,†,†,†,†,†,†,†,†,†,†
CORNING UNION HIGH,California,5,1,126,–,87,–,17,2,3,137,3,95,–,8,1,1,108,3,89,–,6
CORONA-NORCO UNIFIED,California,21,455,2210,320,1195,13,87,6,544,2228,308,1196,19,48,11,481,2283,301,1190,19,65
CORONADO UNIFIED,California,2,19,65,4,211,–,12,2,16,65,3,215,4,12,2,15,54,8,205,1,4
COTATI-ROHNERT PARK UNIFIED,California,5,24,223,14,292,1,19,5,27,187,16,248,3,32,2,30,169,10,241,3,24
COTTONWOOD UNION ELEMENTARY,California,†,†,†,†,†,†,†,†,†,†,†,†,†,†,†,†,†,†,†,†,†
COVINA-VALLEY UNIFIED,California,1,90,770,27,115,2,64,3,92,817,27,167,5,66,4,101,799,43,140,3,61
CUCAMONGA ELEMENTARY,California,†,†,†,†,†,†,†,†,†,†,†,†,†,†,†,†,†,†,†,†,†
CUDDEBACK UNION ELEMENTARY,California,†,†,†,†,†,†,†,†,†,†,†,†,†,†,†,†,†,†,†,†,†
CULVER CITY UNIFIED,California,3,61,222,107,145,1,22,5,67,196,107,132,4,14,1,66,223,111,123,2,9
CUPERTINO UNION,California,†,†,†,†,†,†,†,†,†,†,†,†,†,†,†,†,†,†,†,†,†
CURTIS CREEK ELEMENTARY,California,†,†,†,†,†,†,†,†,†,†,†,†,†,†,†,†,†,†,†,†,†
CUTLER-OROSI JOINT UNIFIED,California,–,13,258,1,5,–,–,–,12,294,–,8,–,2,–,9,275,–,7,–,–
CUTTEN ELEMENTARY,California,†,†,†,†,†,†,†,†,†,†,†,†,†,†,†,†,†,†,†,†,†
CUYAMA JOINT UNIFIED,California,–,–,11,–,7,–,–,–,–,15,–,4,–,–,1,–,14,–,1,–,–
CYPRESS ELEMENTARY,California,†,†,†,†,†,†,†,†,†,†,†,†,†,†,†,†,†,†,†,†,†
DAVIS JOINT UNIFIED,California,1,124,119,30,400,2,31,3,138,127,20,398,2,37,3,127,116,14,421,–,26
DEATH VALLEY UNIFIED,California,–,–,2,–,2,–,–,–,–,1,–,–,–,–,–,–,–,–,4,–,–
DEHESA ELEMENTARY,California,4,14,261,54,162,3,33,5,21,310,62,150,1,43,2,14,172,28,94,1,20
DEL MAR UNION ELEMENTARY,California,†,†,†,†,†,†,†,†,†,†,†,†,†,†,†,†,†,†,†,†,†
DEL NORTE COUNTY OFFICE OF EDUCATION,California,10,1,8,1,35,–,2,14,2,12,2,57,–,3,19,5,31,2,50,2,10
DEL NORTE COUNTY ROP,California,0,0,0,0,0,0,0,0,0,0,0,0,0,0,0,0,0,0,0,0,0
DEL NORTE COUNTY UNIFIED,California,32,19,58,5,122,1,6,26,15,55,3,136,1,7,31,11,50,5,136,–,3
DELANO JOINT UNION HIGH,California,–,122,920,8,13,–,3,–,121,889,2,12,1,4,–,133,754,8,17,1,6
DELANO UNION ELEMENTARY,California,†,†,†,†,†,†,†,†,†,†,†,†,†,†,†,†,†,†,†,†,†
DELHI UNIFIED,California,–,11,157,1,10,–,1,–,9,181,–,18,1,1,–,7,172,3,15,–,1
DELPHIC ELEMENTARY,California,0,0,0,0,0,0,0,0,0,0,0,0,0,0,0,0,0,0,0,0,0
DENAIR UNIFIED,California,1,–,40,1,42,–,4,–,–,64,–,66,1,8,1,–,81,1,84,–,6
DESERT CENTER UNIFIED,California,†,†,†,†,†,†,†,†,†,†,†,†,†,†,†,†,†,†,†,†,†
DESERT SANDS UNIFIED,California,9,70,1843,48,493,5,26,13,89,1594,47,478,1,20,9,76,1707,54,529,3,26
DI GIORGIO ELEMENTARY,California,†,†,†,†,†,†,†,†,†,†,†,†,†,†,†,†,†,†,†,†,†
DINUBA UNIFIED,California,2,9,517,2,31,–,–,5,8,483,–,25,–,1,2,10,475,4,21,1,–
DIXIE ELEMENTARY,California,†,†,†,†,†,†,†,†,†,†,†,†,†,†,†,†,†,†,†,†,†
DIXON UNIFIED,California,2,12,176,7,96,3,12,2,10,141,3,127,–,8,2,3,169,7,117,1,12
DOS PALOS ORO LOMA JOINT UNIFIED,California,2,1,151,4,35,–,–,1,–,141,5,43,–,2,–,1,137,4,31,–,–
DOUGLAS CITY ELEMENTARY,California,†,†,†,†,†,†,†,†,†,†,†,†,†,†,†,†,†,†,†,†,†
DOWNEY UNIFIED,California,7,58,1795,60,96,5,7,2,63,1791,65,106,3,5,7,52,1894,59,119,9,8
DRY CREEK JOINT ELEMENTARY,California,†,†,†,†,†,†,†,†,†,†,†,†,†,†,†,†,†,†,†,†,†
DUARTE UNIFIED,California,5,16,193,10,44,–,37,4,21,215,10,43,–,33,3,25,227,14,38,–,30
DUBLIN UNIFIED,California,–,307,97,33,183,4,61,1,235,83,30,171,1,53,1,206,90,28,160,2,49
DUCOR UNION ELEMENTARY,California,†,†,†,†,†,†,†,†,†,†,†,†,†,†,†,†,†,†,†,†,†
DUNHAM ELEMENTARY,California,†,†,†,†,†,†,†,†,†,†,†,†,†,†,†,†,†,†,†,†,†
DUNSMUIR ELEMENTARY,California,†,†,†,†,†,†,†,†,†,†,†,†,†,†,†,†,†,†,†,†,†
DUNSMUIR JOINT UNION HIGH,California,–,–,2,–,8,–,3,1,–,5,1,9,–,1,1,–,4,1,8,–,1
DURHAM UNIFIED,California,1,–,15,–,51,–,4,–,–,10,1,55,–,1,4,–,13,–,61,–,1
EARLIMART ELEMENTARY,California,†,†,†,†,†,†,†,†,†,†,†,†,†,†,†,†,†,†,†,†,†
EAST MERCED COUNTY PUBLIC FACILITIES FINANCING AUTHORITY,California,†,†,†,†,†,†,†,†,†,†,†,†,†,†,†,†,†,†,†,†,†
EAST NICOLAUS JOINT UNION HIGH,California,–,2,22,2,58,1,2,1,3,24,–,47,1,2,1,2,12,–,43,–,2
EAST SAN GABRIEL VALLEY ROP,California,†,†,†,†,†,†,†,†,†,†,†,†,†,†,†,†,†,†,†,†,†
EAST SAN GABRIEL VALLEY ROP,California,0,0,0,0,0,0,0,0,0,0,0,0,0,0,0,0,0,0,0,0,0
EAST SIDE UNION HIGH,California,18,2546,3264,164,352,28,119,19,2760,3090,153,375,30,97,3,2449,3406,182,356,31,122
EAST VALLEY SCHOOL TRANSPORTATION JPA,California,†,†,†,†,†,†,†,†,†,†,†,†,†,†,†,†,†,†,†,†,†
EAST WHITTIER CITY ELEMENTARY,California,†,†,†,†,†,†,†,†,†,†,†,†,†,†,†,†,†,†,†,†,†
EASTERN SIERRA UNIFIED,California,3,–,11,–,12,–,–,3,1,6,–,11,–,–,2,–,8,–,12,–,–
EASTSIDE UNION ELEMENTARY,California,†,†,†,†,†,†,†,†,†,†,†,†,†,†,†,†,†,†,†,†,†
EDEN AREA ROP,California,0,0,0,0,0,0,0,0,0,0,0,0,0,0,0,0,0,0,0,0,0
EDEN AREA ROP JPA,California,†,†,†,†,†,†,†,†,†,†,†,†,†,†,†,†,†,†,†,†,†
EDISON ELEMENTARY,California,†,†,†,†,†,†,†,†,†,†,†,†,†,†,†,†,†,†,†,†,†
EL CENTRO ELEMENTARY,California,†,†,†,†,†,†,†,†,†,†,†,†,†,†,†,†,†,†,†,†,†
EL DORADO COUNTY OFFICE OF EDUCATION,California,4,–,35,9,78,–,6,4,1,31,2,79,1,4,4,–,55,18,100,1,11
EL DORADO UNION HIGH,California,20,100,251,21,1160,4,85,14,80,253,18,1187,1,90,14,99,202,22,1263,7,86
EL MONTE CITY,California,†,†,†,†,†,†,†,†,†,†,†,†,†,†,†,†,†,†,†,†,†
EL MONTE UNION HIGH,California,2,466,1730,6,30,4,2,1,538,1729,5,29,–,8,–,477,1654,10,42,–,11
EL NIDO ELEMENTARY,California,†,†,†,†,†,†,†,†,†,†,†,†,†,†,†,†,†,†,†,†,†
EL RANCHO UNIFIED,California,–,9,687,–,2,–,1,–,–,688,–,12,–,–,1,4,693,2,6,–,–
EL SEGUNDO UNIFIED,California,1,24,77,25,161,–,31,1,25,65,13,153,2,28,1,32,72,15,150,2,34
EL TEJON UNIFIED,California,1,1,25,1,22,–,5,3,4,31,–,35,1,4,2,1,26,–,42,1,4
ELK GROVE UNIFIED,California,23,1438,1260,679,1007,73,361,28,1443,1260,709,1001,84,342,21,1428,1274,742,1042,73,345
ELK HILLS ELEMENTARY,California,†,†,†,†,†,†,†,†,†,†,†,†,†,†,†,†,†,†,†,†,†
ELKINS ELEMENTARY,California,†,†,†,†,†,†,†,†,†,†,†,†,†,†,†,†,†,†,†,†,†
ELVERTA JOINT ELEMENTARY,California,–,–,4,2,1,–,3,–,–,3,1,2,–,–,–,2,3,3,2,–,1
EMERY UNIFIED,California,–,4,12,26,4,–,1,–,7,6,20,4,1,3,–,6,4,20,3,–,2
EMPIRE UNION ELEMENTARY,California,†,†,†,†,†,†,†,†,†,†,†,†,†,†,†,†,†,†,†,†,†
ENCINITAS UNION ELEMENTARY,California,†,†,†,†,†,†,†,†,†,†,†,†,†,†,†,†,†,†,†,†,†
ENTERPRISE ELEMENTARY,California,†,†,†,†,†,†,†,†,†,†,†,†,†,†,†,†,†,†,†,†,†
ESCALON UNIFIED,California,–,3,99,–,85,–,4,–,7,105,3,94,–,3,–,7,108,2,125,–,4
ESCONDIDO UNION,California,†,†,†,†,†,†,†,†,†,†,†,†,†,†,†,†,†,†,†,†,†
ESCONDIDO UNION HIGH,California,2,124,1487,66,645,9,64,8,124,1512,51,655,7,43,6,120,1459,50,670,4,46
ESPARTO UNIFIED,California,–,1,40,–,10,–,–,1,1,61,1,26,–,–,1,–,51,1,18,–,1
ETIWANDA ELEMENTARY,California,†,†,†,†,†,†,†,†,†,†,†,†,†,†,†,†,†,†,†,†,†
EUREKA CITY SCHOOLS,California,15,28,59,9,188,3,24,13,41,52,3,148,1,15,18,29,54,9,178,3,17
EUREKA UNION,California,†,†,†,†,†,†,†,†,†,†,†,†,†,†,†,†,†,†,†,†,†
EVERGREEN ELEMENTARY,California,†,†,†,†,†,†,†,†,†,†,†,†,†,†,†,†,†,†,†,†,†
EVERGREEN UNION,California,–,–,1,–,5,–,–,–,–,2,–,3,–,1,1,–,1,–,8,–,–
EXETER UNIFIED,California,–,6,136,4,117,1,2,2,2,142,2,119,–,6,2,1,120,3,107,1,4
FAIRFAX ELEMENTARY,California,†,†,†,†,†,†,†,†,†,†,†,†,†,†,†,†,†,†,†,†,†
FAIRFIELD-SUISUN UNIFIED,California,10,266,632,284,270,16,114,11,270,616,281,314,22,115,11,244,576,293,269,21,97
FALL RIVER JOINT UNIFIED,California,9,–,23,–,49,–,5,10,1,20,–,55,–,5,12,1,13,–,42,–,5
FALLBROOK UNION ELEMENTARY,California,†,†,†,†,†,†,†,†,†,†,†,†,†,†,†,†,†,†,†,†,†
FALLBROOK UNION HIGH,California,8,7,403,11,152,2,11,3,6,268,10,136,4,5,3,9,266,8,175,–,10
FARMERSVILLE UNIFIED,California,2,–,182,–,10,–,–,–,1,190,3,9,–,–,–,–,186,1,4,1,–
FEATHER FALLS UNION ELEMENTARY,California,4,–,4,1,2,–,3,6,–,2,–,3,–,2,3,–,3,2,3,–,–
FERNDALE UNIFIED,California,1,–,8,–,26,–,–,1,–,5,–,33,–,–,–,1,5,–,31,–,–
FIELDBROOK ELEMENTARY,California,†,†,†,†,†,†,†,†,†,†,†,†,†,†,†,†,†,†,†,†,†
FILLMORE UNIFIED,California,1,–,253,–,28,–,–,3,–,234,–,24,–,2,1,1,228,–,27,–,1
FIREBAUGH-LAS DELTAS UNIFIED,California,–,–,161,–,10,–,–,–,–,155,–,13,–,–,–,–,159,1,7,–,–
FLOURNOY UNION ELEMENTARY,California,†,†,†,†,†,†,†,†,†,†,†,†,†,†,†,†,†,†,†,†,†
FOLSOM-CORDOVA UNIFIED,California,9,221,280,93,887,11,66,8,233,290,96,859,7,61,6,201,256,97,855,13,49
FONTANA UNIFIED,California,6,77,2528,202,132,7,22,6,89,2584,224,124,15,21,7,82,2642,195,164,5,25
FORESTHILL UNION ELEMENTARY,California,†,†,†,†,†,†,†,†,†,†,†,†,†,†,†,†,†,†,†,†,†
FORESTVILLE UNION ELEMENTARY,California,†,†,†,†,†,†,†,†,†,†,†,†,†,†,†,†,†,†,†,†,†
FORKS OF SALMON ELEMENTARY,California,†,†,†,†,†,†,†,†,†,†,†,†,†,†,†,†,†,†,†,†,†
FORT BRAGG UNIFIED,California,–,2,48,1,66,–,8,3,2,76,2,65,–,5,2,2,43,1,65,–,8
FORT ROSS ELEMENTARY,California,†,†,†,†,†,†,†,†,†,†,†,†,†,†,†,†,†,†,†,†,†
FORT SAGE UNIFIED,California,–,–,3,–,21,2,–,2,–,5,1,25,–,1,2,–,6,1,21,1,–
FORTUNA ELEMENTARY,California,†,†,†,†,†,†,†,†,†,†,†,†,†,†,†,†,†,†,†,†,†
FORTUNA UNION HIGH,California,8,4,80,2,180,–,29,10,5,59,–,160,1,21,19,6,70,1,150,–,19
FORTY-NINER ROP,California,0,0,0,0,0,0,0,0,0,0,0,0,0,0,0,0,0,0,0,0,0
FOUNTAIN VALLEY ELEMENTARY,California,†,†,†,†,†,†,†,†,†,†,†,†,†,†,†,†,†,†,†,†,†
FOWLER UNIFIED,California,–,25,162,4,18,–,–,1,14,160,1,16,–,2,–,20,142,5,22,–,–
FRANKLIN ELEMENTARY,California,†,†,†,†,†,†,†,†,†,†,†,†,†,†,†,†,†,†,†,†,†
FRANKLIN-MCKINLEY ELEMENTARY,California,†,†,†,†,†,†,†,†,†,†,†,†,†,†,†,†,†,†,†,†,†
FREMONT UNIFIED,California,4,1610,327,57,375,21,63,9,1650,386,83,448,10,52,6,1471,398,91,455,29,29
FREMONT UNION HIGH,California,2,1615,419,24,481,7,146,4,1676,399,22,505,5,134,1,1531,381,28,492,12,152
FRENCH GULCH-WHISKEYTOWN ELEMENTARY,California,†,†,†,†,†,†,†,†,†,†,†,†,†,†,†,†,†,†,†,†,†
FRESHWATER ELEMENTARY,California,†,†,†,†,†,†,†,†,†,†,†,†,†,†,†,†,†,†,†,†,†
FRESNO COUNTY OFFICE OF EDUCATION,California,7,7,294,38,49,–,10,2,6,303,28,65,–,7,2,9,123,26,42,1,6
FRESNO ROP,California,0,0,0,0,0,0,0,0,0,0,0,0,0,0,0,0,0,0,0,0,0
FRESNO UNIFIED,California,35,647,3270,427,518,21,61,21,612,3062,448,505,22,67,27,612,3103,454,547,22,47
FRUITVALE ELEMENTARY,California,†,†,†,†,†,†,†,†,†,†,†,†,†,†,†,†,†,†,†,†,†
FULLERTON ELEMENTARY,California,†,†,†,†,†,†,†,†,†,†,†,†,†,†,†,†,†,†,†,†,†
FULLERTON JOINT UNION HIGH,California,6,778,1909,81,562,8,82,6,819,1996,77,619,13,86,7,716,1893,87,640,13,73
GALT JOINT UNION ELEMENTARY,California,†,†,†,†,†,†,†,†,†,†,†,†,†,†,†,†,†,†,†,†,†
GALT JOINT UNION HIGH,California,–,4,313,7,201,1,36,–,9,315,7,211,5,16,4,8,298,11,175,1,30
GARDEN GROVE UNIFIED,California,3,1350,1878,21,269,19,36,4,1449,1839,26,331,15,49,3,1399,1827,23,339,25,32
GARFIELD ELEMENTARY,California,†,†,†,†,†,†,†,†,†,†,†,†,†,†,†,†,†,†,†,†,†
GARVEY ELEMENTARY,California,†,†,†,†,†,†,†,†,†,†,†,†,†,†,†,†,†,†,†,†,†
GATEWAY UNIFIED,California,17,2,28,3,135,2,8,13,5,32,4,173,–,7,14,6,31,6,144,1,3
GAZELLE UNION ELEMENTARY,California,†,†,†,†,†,†,†,†,†,†,†,†,†,†,†,†,†,†,†,†,†
GENERAL SHAFTER ELEMENTARY,California,†,†,†,†,†,†,†,†,†,†,†,†,†,†,†,†,†,†,†,†,†
GERBER UNION ELEMENTARY,California,†,†,†,†,†,†,†,†,†,†,†,†,†,†,†,†,†,†,†,†,†
GEYSERVILLE UNIFIED,California,–,–,7,–,8,–,1,–,–,10,–,9,–,–,–,1,11,–,6,–,–
GILROY UNIFIED,California,6,63,673,13,203,2,29,9,72,604,14,187,1,34,8,58,650,18,216,2,28
GLENDALE UNIFIED,California,6,385,416,16,1091,1,21,1,408,446,23,1136,2,22,3,380,517,24,1152,2,14
GLENDORA UNIFIED,California,–,67,272,3,271,3,19,1,69,305,11,337,2,21,1,67,244,10,301,2,22
GLENN COUNTY OFFICE OF EDUCATION,California,1,–,6,–,9,–,1,–,–,11,–,20,–,–,5,2,103,27,25,2,4
GLENN COUNTY ROP,California,0,0,0,0,0,0,0,0,0,0,0,0,0,0,0,0,0,0,0,0,0
GOLD OAK UNION ELEMENTARY,California,†,†,†,†,†,†,†,†,†,†,†,†,†,†,†,†,†,†,†,†,†
GOLD TRAIL UNION ELEMENTARY,California,†,†,†,†,†,†,†,†,†,†,†,†,†,†,†,†,†,†,†,†,†
GOLDEN FEATHER UNION ELEMENTARY,California,–,–,5,–,11,–,1,–,1,–,–,17,–,3,–,–,3,–,10,–,–
GOLDEN PLAINS UNIFIED,California,–,–,119,–,2,–,–,–,–,102,–,–,–,–,–,–,94,–,4,–,–
GOLDEN VALLEY UNIFIED,California,1,4,70,3,89,–,2,2,4,54,6,83,–,1,1,3,59,2,86,–,3
GOLETA UNION ELEMENTARY,California,†,†,†,†,†,†,†,†,†,†,†,†,†,†,†,†,†,†,†,†,†
GONZALES UNIFIED,California,2,1,188,–,4,–,–,1,2,208,1,5,–,1,–,–,175,1,7,1,–
GORMAN JOINT,California,–,12,76,9,96,–,21,2,4,70,15,136,1,15,–,9,64,5,111,1,17
GRANT ELEMENTARY,California,†,†,†,†,†,†,†,†,†,†,†,†,†,†,†,†,†,†,†,†,†
GRASS VALLEY ELEMENTARY,California,†,†,†,†,†,†,†,†,†,†,†,†,†,†,†,†,†,†,†,†,†
GRATTON ELEMENTARY,California,†,†,†,†,†,†,†,†,†,†,†,†,†,†,†,†,†,†,†,†,†
GRAVENSTEIN UNION ELEMENTARY,California,†,†,†,†,†,†,†,†,†,†,†,†,†,†,†,†,†,†,†,†,†
GRAVES ELEMENTARY,California,†,†,†,†,†,†,†,†,†,†,†,†,†,†,†,†,†,†,†,†,†
GREATER ANAHEIM SELPA JPA,California,†,†,†,†,†,†,†,†,†,†,†,†,†,†,†,†,†,†,†,†,†
GREEN POINT ELEMENTARY,California,†,†,†,†,†,†,†,†,†,†,†,†,†,†,†,†,†,†,†,†,†
GREENFIELD UNION,California,†,†,†,†,†,†,†,†,†,†,†,†,†,†,†,†,†,†,†,†,†
GREENFIELD UNION ELEMENTARY,California,†,†,†,†,†,†,†,†,†,†,†,†,†,†,†,†,†,†,†,†,†
GRENADA ELEMENTARY,California,†,†,†,†,†,†,†,†,†,†,†,†,†,†,†,†,†,†,†,†,†
GRIDLEY UNIFIED,California,2,3,103,–,67,–,5,–,3,81,–,52,1,5,1,5,88,1,50,1,3
GROSSMONT UNION HIGH,California,32,211,2155,354,2186,24,375,32,196,1885,401,2320,25,389,35,225,2186,377,2606,26,421
GUADALUPE UNION ELEMENTARY,California,†,†,†,†,†,†,†,†,†,†,†,†,†,†,†,†,†,†,†,†,†
GUERNEVILLE ELEMENTARY,California,†,†,†,†,†,†,†,†,†,†,†,†,†,†,†,†,†,†,†,†,†
GUSTINE UNIFIED,California,1,4,133,1,29,1,1,–,4,108,1,39,–,–,–,3,116,–,30,–,–
HACIENDA LA PUENTE UNIFIED,California,1,200,1153,19,51,5,8,2,242,1223,20,52,4,18,1,250,1190,23,55,5,5
HAMILTON UNIFIED,California,–,1,69,–,13,–,8,1,1,61,–,9,–,7,–,1,45,–,14,–,3
HANFORD ELEMENTARY,California,†,†,†,†,†,†,†,†,†,†,†,†,†,†,†,†,†,†,†,†,†
HANFORD JOINT UNION HIGH,California,4,31,640,44,227,–,17,4,23,555,52,241,1,8,3,30,566,53,270,1,3
HAPPY CAMP UNION ELEMENTARY,California,†,†,†,†,†,†,†,†,†,†,†,†,†,†,†,†,†,†,†,†,†
HAPPY VALLEY ELEMENTARY,California,†,†,†,†,†,†,†,†,†,†,†,†,†,†,†,†,†,†,†,†,†
HAPPY VALLEY UNION ELEMENTARY,California,†,†,†,†,†,†,†,†,†,†,†,†,†,†,†,†,†,†,†,†,†
HARMONY UNION ELEMENTARY,California,–,2,13,4,22,1,4,–,2,26,1,22,–,4,1,5,20,1,16,–,3
HART ROP,California,0,0,0,0,0,0,0,0,0,0,0,0,0,0,0,0,0,0,0,0,0
HART-RANSOM UNION ELEMENTARY,California,–,–,5,1,9,–,–,–,–,5,1,7,–,–,–,–,3,–,14,–,–
HAWTHORNE,California,–,21,89,20,5,1,–,–,15,105,15,7,–,–,–,11,98,11,9,1,2
HAYWARD UNIFIED,California,3,266,1001,146,87,51,39,2,273,1013,154,98,53,24,5,277,998,168,108,54,30
HEALDSBURG UNIFIED,California,–,1,92,1,61,1,–,2,6,82,3,70,–,3,2,3,87,1,56,–,1
HEBER ELEMENTARY,California,†,†,†,†,†,†,†,†,†,†,†,†,†,†,†,†,†,†,†,†,†
HELENDALE ELEMENTARY,California,2,4,183,38,82,1,16,2,1,168,21,70,2,17,–,3,49,9,50,–,3
HEMET UNIFIED,California,19,42,967,129,520,7,43,15,46,990,151,509,4,51,14,50,971,180,569,16,69
HERMOSA BEACH CITY ELEMENTARY,California,†,†,†,†,†,†,†,†,†,†,†,†,†,†,†,†,†,†,†,†,†
HESPERIA UNIFIED,California,9,37,1305,133,425,6,137,9,35,1185,135,418,5,126,11,42,1334,139,466,7,104
HICKMAN COMMUNITY CHARTER,California,†,†,†,†,†,†,†,†,†,†,†,†,†,†,†,†,†,†,†,†,†
HILLSBOROUGH CITY ELEMENTARY,California,†,†,†,†,†,†,†,†,†,†,†,†,†,†,†,†,†,†,†,†,†
HILMAR UNIFIED,California,3,2,73,2,97,–,1,–,1,77,–,88,1,2,1,1,59,–,114,–,1
HOLLISTER,California,†,†,†,†,†,†,†,†,†,†,†,†,†,†,†,†,†,†,†,†,†
HOLTVILLE UNIFIED,California,–,1,126,–,24,–,6,–,–,120,–,17,–,4,–,1,123,1,19,–,–
HOPE ELEMENTARY,California,†,†,†,†,†,†,†,†,†,†,†,†,†,†,†,†,†,†,†,†,†
HOPE ELEMENTARY,California,†,†,†,†,†,†,†,†,†,†,†,†,†,†,†,†,†,†,†,†,†
HORICON ELEMENTARY,California,†,†,†,†,†,†,†,†,†,†,†,†,†,†,†,†,†,†,†,†,†
HORNBROOK ELEMENTARY,California,†,†,†,†,†,†,†,†,†,†,†,†,†,†,†,†,†,†,†,†,†
HOT SPRINGS ELEMENTARY,California,†,†,†,†,†,†,†,†,†,†,†,†,†,†,†,†,†,†,†,†,†
HOWELL MOUNTAIN ELEMENTARY,California,†,†,†,†,†,†,†,†,†,†,†,†,†,†,†,†,†,†,†,†,†
HUENEME ELEMENTARY,California,†,†,†,†,†,†,†,†,†,†,†,†,†,†,†,†,†,†,†,†,†
HUGHES-ELIZABETH LAKES UNION ELEMENTARY,California,†,†,†,†,†,†,†,†,†,†,†,†,†,†,†,†,†,†,†,†,†
HUGHSON UNIFIED,California,1,2,101,–,79,–,2,1,1,79,1,72,–,3,–,2,91,–,99,–,2
HUMBOLDT COUNTY OFFICE OF EDUCATION,California,4,1,11,2,59,1,5,2,3,7,1,44,–,1,3,–,14,1,87,–,14
HUMBOLDT COUNTY ROP,California,0,0,0,0,0,0,0,0,0,0,0,0,0,0,0,0,0,0,0,0,0
HUNTINGTON BEACH CITY ELEMENTARY,California,†,†,†,†,†,†,†,†,†,†,†,†,†,†,†,†,†,†,†,†,†
HUNTINGTON BEACH UNION HIGH,California,14,1095,1116,32,1560,27,139,30,1185,1144,47,1594,26,97,161,1078,1088,56,1534,28,117
HYDESVILLE ELEMENTARY,California,†,†,†,†,†,†,†,†,†,†,†,†,†,†,†,†,†,†,†,†,†
IGO ONO PLATINA UNION ELEMENTARY,California,†,†,†,†,†,†,†,†,†,†,†,†,†,†,†,†,†,†,†,†,†
IMPERIAL COUNTY OFFICE OF EDUCATION,California,–,–,81,2,3,–,1,–,1,85,–,1,–,–,–,–,116,1,6,–,4
IMPERIAL UNIFIED,California,3,6,261,4,53,–,2,–,4,246,3,46,–,4,–,8,214,6,44,–,–
IMPERIAL VALLEY ROP,California,0,0,0,0,0,0,0,0,0,0,0,0,0,0,0,0,0,0,0,0,0
IMPERIAL VALLEY ROP JPA,California,†,†,†,†,†,†,†,†,†,†,†,†,†,†,†,†,†,†,†,†,†
INDIAN DIGGINGS ELEMENTARY,California,†,†,†,†,†,†,†,†,†,†,†,†,†,†,†,†,†,†,†,†,†
INDIAN SPRINGS ELEMENTARY,California,†,†,†,†,†,†,†,†,†,†,†,†,†,†,†,†,†,†,†,†,†
INGLEWOOD UNIFIED,California,4,1,484,195,3,2,3,1,7,464,222,2,2,3,5,5,466,186,2,3,4
INYO COUNTY CAREER TECHNICAL EDUCATION,California,†,†,†,†,†,†,†,†,†,†,†,†,†,†,†,†,†,†,†,†,†
INYO COUNTY OFFICE OF EDUCATION,California,1,3,264,49,10,–,8,4,1,326,64,12,2,10,2,2,734,142,20,2,10
IRVINE UNIFIED,California,5,1278,240,57,785,8,106,12,1248,245,67,824,11,98,4,1107,239,44,882,3,101
ISLAND UNION ELEMENTARY,California,†,†,†,†,†,†,†,†,†,†,†,†,†,†,†,†,†,†,†,†,†
JACOBY CREEK ELEMENTARY,California,†,†,†,†,†,†,†,†,†,†,†,†,†,†,†,†,†,†,†,†,†
JAMESTOWN ELEMENTARY,California,–,1,5,2,9,–,3,–,–,11,1,13,1,–,–,1,8,1,12,–,3
JAMUL-DULZURA UNION ELEMENTARY,California,–,1,6,–,8,–,1,–,–,8,–,4,–,2,–,2,7,1,6,–,1
JANESVILLE UNION ELEMENTARY,California,†,†,†,†,†,†,†,†,†,†,†,†,†,†,†,†,†,†,†,†,†
JEFFERSON ELEMENTARY,California,†,†,†,†,†,†,†,†,†,†,†,†,†,†,†,†,†,†,†,†,†
JEFFERSON ELEMENTARY,California,1,14,19,10,43,–,10,1,17,34,5,51,1,9,–,8,29,4,50,2,10
JEFFERSON ELEMENTARY,California,†,†,†,†,†,†,†,†,†,†,†,†,†,†,†,†,†,†,†,†,†
JEFFERSON UNION HIGH,California,4,528,336,28,175,9,109,3,611,367,28,204,13,100,–,532,330,23,159,17,90
JOHN SWETT UNIFIED,California,1,37,45,30,25,1,12,–,36,47,24,26,3,13,–,27,38,33,38,–,18
JOHNSTONVILLE ELEMENTARY,California,†,†,†,†,†,†,†,†,†,†,†,†,†,†,†,†,†,†,†,†,†
JULIAN UNION ELEMENTARY,California,10,9,141,12,184,4,26,5,7,152,26,191,1,36,3,3,85,5,138,–,22
JULIAN UNION HIGH,California,2,1,17,–,13,–,4,5,–,11,–,20,–,3,4,–,7,–,30,–,1
JUNCTION CITY ELEMENTARY,California,†,†,†,†,†,†,†,†,†,†,†,†,†,†,†,†,†,†,†,†,†
JUNCTION ELEMENTARY,California,†,†,†,†,†,†,†,†,†,†,†,†,†,†,†,†,†,†,†,†,†
JUNCTION ELEMENTARY,California,†,†,†,†,†,†,†,†,†,†,†,†,†,†,†,†,†,†,†,†,†
JURUPA UNIFIED,California,1,14,1265,46,173,5,16,7,21,1194,25,148,8,5,4,22,1273,43,154,1,9
KASHIA ELEMENTARY,California,†,†,†,†,†,†,†,†,†,†,†,†,†,†,†,†,†,†,†,†,†
KELSEYVILLE UNIFIED,California,3,1,59,4,67,–,6,4,5,43,3,85,–,4,2,1,57,2,69,–,5
KENTFIELD ELEMENTARY,California,†,†,†,†,†,†,†,†,†,†,†,†,†,†,†,†,†,†,†,†,†
KENWOOD,California,†,†,†,†,†,†,†,†,†,†,†,†,†,†,†,†,†,†,†,†,†
KEPPEL UNION ELEMENTARY,California,†,†,†,†,†,†,†,†,†,†,†,†,†,†,†,†,†,†,†,†,†
KERMAN UNIFIED,California,1,21,335,2,44,–,2,1,21,314,4,24,–,1,5,16,284,1,44,–,1
KERN COUNTY OFFICE OF EDUCATION,California,1,10,313,40,99,–,4,5,7,342,49,94,2,4,4,10,380,62,100,3,4
KERN COUNTY ROP,California,0,0,0,0,0,0,0,0,0,0,0,0,0,0,0,0,0,0,0,0,0
KERN HIGH,California,69,385,6409,565,2136,15,153,53,389,6046,497,1965,19,428,63,373,6204,609,2238,15,123
KERN HIGH ROC,California,0,0,0,0,0,0,0,0,0,0,0,0,0,0,0,0,0,0,0,0,0
KERNVILLE UNION ELEMENTARY,California,†,†,†,†,†,†,†,†,†,†,†,†,†,†,†,†,†,†,†,†,†
KEYES UNION,California,1,–,7,–,19,–,–,–,–,13,–,11,–,–,–,–,3,–,15,–,1
KING CITY UNION,California,†,†,†,†,†,†,†,†,†,†,†,†,†,†,†,†,†,†,†,†,†
KINGS CANYON JOINT UNIFIED,California,5,16,593,1,56,–,12,–,10,627,–,59,–,6,2,16,596,2,78,1,7
KINGS COUNTY OFFICE OF EDUCATION,California,1,–,23,4,12,–,–,2,1,34,5,8,–,–,3,2,45,4,11,–,2
KINGS COUNTY ROP,California,0,0,0,0,0,0,0,0,0,0,0,0,0,0,0,0,0,0,0,0,0
KINGS RIVER UNION ELEMENTARY,California,†,†,†,†,†,†,†,†,†,†,†,†,†,†,†,†,†,†,†,†,†
KINGS RIVER-HARDWICK UNION ELEMENTARY,California,†,†,†,†,†,†,†,†,†,†,†,†,†,†,†,†,†,†,†,†,†
KINGS SCHOOLS TRANSPORTATION AUTHORITY JPA,California,†,†,†,†,†,†,†,†,†,†,†,†,†,†,†,†,†,†,†,†,†
KINGSBURG ELEMENTARY CHARTER,California,†,†,†,†,†,†,†,†,†,†,†,†,†,†,†,†,†,†,†,†,†
KINGSBURG JOINT UNION HIGH,California,3,10,168,1,99,–,4,–,13,207,2,99,–,4,2,6,158,3,93,–,14
KIRKWOOD ELEMENTARY,California,†,†,†,†,†,†,†,†,†,†,†,†,†,†,†,†,†,†,†,†,†
KIT CARSON UNION ELEMENTARY,California,1,1,107,5,27,–,5,2,1,128,3,25,–,6,–,–,27,1,6,–,–
KLAMATH RIVER UNION ELEMENTARY,California,†,†,†,†,†,†,†,†,†,†,†,†,†,†,†,†,†,†,†,†,†
KLAMATH-TRINITY JOINT UNIFIED,California,64,–,3,–,7,–,–,54,–,2,1,3,–,4,51,–,2,–,6,–,3
KNEELAND ELEMENTARY,California,†,†,†,†,†,†,†,†,†,†,†,†,†,†,†,†,†,†,†,†,†
KNIGHTS FERRY ELEMENTARY,California,†,†,†,†,†,†,†,†,†,†,†,†,†,†,†,†,†,†,†,†,†
KNIGHTSEN ELEMENTARY,California,†,†,†,†,†,†,†,†,†,†,†,†,†,†,†,†,†,†,†,†,†
KONOCTI UNIFIED,California,7,2,97,8,95,1,13,3,1,94,10,104,1,19,3,1,67,6,116,–,13
LA CANADA UNIFIED,California,2,107,49,2,166,–,27,1,105,37,3,195,–,21,1,92,34,4,186,–,21
LA HABRA CITY ELEMENTARY,California,†,†,†,†,†,†,†,†,†,†,†,†,†,†,†,†,†,†,†,†,†
LA HONDA-PESCADERO UNIFIED,California,–,–,15,–,4,–,1,–,–,19,–,6,–,–,–,–,24,–,7,–,–
LA MESA-SPRING VALLEY,California,†,†,†,†,†,†,†,†,†,†,†,†,†,†,†,†,†,†,†,†,†
LA PUENTE VALLEY ROP,California,†,†,†,†,†,†,†,†,†,†,†,†,†,†,†,†,†,†,†,†,†
LA PUENTE VALLEY ROP,California,0,0,0,0,0,0,0,0,0,0,0,0,0,0,0,0,0,0,0,0,0
LAFAYETTE ELEMENTARY,California,†,†,†,†,†,†,†,†,†,†,†,†,†,†,†,†,†,†,†,†,†
LAGUNA BEACH UNIFIED,California,3,15,39,3,242,2,13,–,10,26,5,228,2,9,2,6,22,1,208,–,7
LAGUNA JOINT ELEMENTARY,California,†,†,†,†,†,†,†,†,†,†,†,†,†,†,†,†,†,†,†,†,†
LAGUNITA ELEMENTARY,California,†,†,†,†,†,†,†,†,†,†,†,†,†,†,†,†,†,†,†,†,†
LAGUNITAS ELEMENTARY,California,†,†,†,†,†,†,†,†,†,†,†,†,†,†,†,†,†,†,†,†,†
LAKE COUNTY OFFICE OF EDUCATION,California,1,–,1,–,4,–,1,2,–,2,–,4,–,1,–,–,1,–,1,–,1
LAKE COUNTY ROP,California,0,0,0,0,0,0,0,0,0,0,0,0,0,0,0,0,0,0,0,0,0
LAKE ELEMENTARY,California,†,†,†,†,†,†,†,†,†,†,†,†,†,†,†,†,†,†,†,†,†
LAKE ELSINORE UNIFIED,California,10,64,885,63,486,4,85,5,60,913,76,468,4,82,4,60,953,71,504,4,103
LAKE TAHOE UNIFIED,California,2,14,120,2,147,2,4,1,13,105,1,129,–,6,1,24,111,5,148,–,7
LAKEPORT UNIFIED,California,4,4,30,1,60,–,4,8,2,28,2,71,–,8,11,5,36,–,52,–,3
LAKESIDE JOINT,California,†,†,†,†,†,†,†,†,†,†,†,†,†,†,†,†,†,†,†,†,†
LAKESIDE UNION,California,†,†,†,†,†,†,†,†,†,†,†,†,†,†,†,†,†,†,†,†,†
LAKESIDE UNION ELEMENTARY,California,†,†,†,†,†,†,†,†,†,†,†,†,†,†,†,†,†,†,†,†,†
LAKESIDE UNION ELEMENTARY,California,3,5,22,8,50,–,8,5,6,20,8,54,1,7,–,3,28,8,43,–,7
LAMMERSVILLE JOINT UNIFIED,California,2,126,55,21,71,1,17,1,115,50,18,60,4,17,1,83,36,22,43,1,12
LAMONT ELEMENTARY,California,†,†,†,†,†,†,†,†,†,†,†,†,†,†,†,†,†,†,†,†,†
LANCASTER ELEMENTARY,California,†,†,†,†,†,†,†,†,†,†,†,†,†,†,†,†,†,†,†,†,†
LARKSPUR-CORTE MADERA,California,†,†,†,†,†,†,†,†,†,†,†,†,†,†,†,†,†,†,†,†,†
LAS LOMITAS ELEMENTARY,California,†,†,†,†,†,†,†,†,†,†,†,†,†,†,†,†,†,†,†,†,†
LAS VIRGENES UNIFIED,California,6,50,124,45,775,3,30,9,72,92,32,818,3,32,4,75,88,28,795,4,33
LASSEN COUNTY OFFICE OF EDUCATION,California,–,–,–,–,1,–,–,0,0,0,0,0,0,0,–,–,–,–,1,–,–
LASSEN ROP,California,†,†,†,†,†,†,†,0,0,0,0,0,0,0,0,0,0,0,0,0,0
LASSEN UNION HIGH,California,18,6,34,8,139,1,–,16,3,29,3,129,7,1,12,5,25,4,150,6,–
LASSEN VIEW UNION ELEMENTARY,California,†,†,†,†,†,†,†,†,†,†,†,†,†,†,†,†,†,†,†,†,†
LATON JOINT UNIFIED,California,–,–,49,–,6,–,3,–,–,38,–,5,–,1,–,–,30,2,6,–,–
LATROBE,California,†,†,†,†,†,†,†,†,†,†,†,†,†,†,†,†,†,†,†,†,†
LAWNDALE ELEMENTARY,California,–,4,120,7,4,–,9,–,4,89,11,9,–,2,1,7,87,14,2,–,6
LAYTONVILLE UNIFIED,California,6,–,1,–,21,–,2,3,–,3,–,23,–,3,4,1,5,–,16,–,–
LE GRAND UNION ELEMENTARY,California,†,†,†,†,†,†,†,†,†,†,†,†,†,†,†,†,†,†,†,†,†
LE GRAND UNION HIGH,California,–,1,92,1,7,–,9,1,1,112,–,7,–,11,1,1,104,–,6,–,5
LEGGETT VALLEY UNIFIED,California,–,–,–,–,10,–,–,–,–,2,–,2,–,–,1,–,–,–,2,–,–
LEMON GROVE,California,†,†,†,†,†,†,†,†,†,†,†,†,†,†,†,†,†,†,†,†,†
LEMOORE UNION ELEMENTARY,California,†,†,†,†,†,†,†,†,†,†,†,†,†,†,†,†,†,†,†,†,†
LEMOORE UNION HIGH,California,16,31,316,34,152,5,11,17,36,288,33,144,3,8,27,44,294,33,143,6,6
LENNOX,California,–,–,169,–,2,–,143,–,2,292,2,–,–,7,–,–,271,4,–,1,1
LEWISTON ELEMENTARY,California,†,†,†,†,†,†,†,†,†,†,†,†,†,†,†,†,†,†,†,†,†
LIBERTY ELEMENTARY,California,1,6,8,12,52,1,12,1,5,14,13,53,–,11,1,6,17,8,40,1,12
LIBERTY ELEMENTARY,California,†,†,†,†,†,†,†,†,†,†,†,†,†,†,†,†,†,†,†,†,†
LIBERTY UNION HIGH,California,2,217,700,171,850,18,97,9,167,656,194,889,11,80,10,186,743,202,920,15,64
LINCOLN ELEMENTARY,California,†,†,†,†,†,†,†,†,†,†,†,†,†,†,†,†,†,†,†,†,†
LINCOLN UNIFIED,California,3,106,324,120,175,15,22,2,100,374,79,199,8,21,6,108,330,69,207,10,15
LINDEN UNIFIED,California,1,5,108,3,67,1,2,–,4,79,–,71,2,2,1,8,91,–,62,–,2
LINDSAY UNIFIED,California,–,9,282,1,14,–,–,1,5,286,–,17,–,–,1,8,257,–,10,–,1
LINNS VALLEY-POSO FLAT UNION,California,†,†,†,†,†,†,†,†,†,†,†,†,†,†,†,†,†,†,†,†,†
LITTLE LAKE CITY ELEMENTARY,California,†,†,†,†,†,†,†,†,†,†,†,†,†,†,†,†,†,†,†,†,†
LITTLE SHASTA ELEMENTARY,California,†,†,†,†,†,†,†,†,†,†,†,†,†,†,†,†,†,†,†,†,†
LIVE OAK ELEMENTARY,California,1,1,4,2,27,–,3,1,1,11,1,29,1,2,1,–,3,–,28,–,–
LIVE OAK UNIFIED,California,2,18,82,1,40,1,1,2,24,79,1,29,–,–,–,19,85,–,42,–,–
LIVERMORE VALLEY JOINT UNIFIED,California,7,130,304,23,592,4,77,3,100,323,21,596,3,83,3,99,290,17,606,3,68
LIVINGSTON UNION,California,†,†,†,†,†,†,†,†,†,†,†,†,†,†,†,†,†,†,†,†,†
LODI UNIFIED,California,11,533,968,157,548,25,69,15,516,906,153,569,14,46,9,505,970,155,582,26,42
LOLETA UNION ELEMENTARY,California,–,–,3,–,12,–,1,–,1,3,–,8,–,1,2,1,2,–,10,1,2
LOMA PRIETA JOINT UNION ELEMENTARY,California,†,†,†,†,†,†,†,†,†,†,†,†,†,†,†,†,†,†,†,†,†
LOMPOC UNIFIED,California,3,22,492,20,183,2,29,5,19,428,26,173,2,34,9,19,374,26,195,4,33
LONE PINE UNIFIED,California,2,–,9,–,6,–,2,6,1,14,–,8,–,–,–,1,13,1,5,–,2
LONG BEACH UNIFIED,California,17,722,3192,769,861,88,210,15,718,3060,890,903,107,147,13,753,3451,972,855,111,127
LONG BEACH UNIFIED ROP,California,0,0,0,0,0,0,0,0,0,0,0,0,0,0,0,0,0,0,0,0,0
LOOMIS UNION ELEMENTARY,California,–,3,12,1,50,–,2,–,1,10,–,40,–,3,–,1,4,1,22,–,2
LOS ALAMITOS UNIFIED,California,–,110,189,23,408,7,43,5,129,192,23,439,6,42,1,119,210,29,430,6,40
LOS ALTOS ELEMENTARY,California,†,†,†,†,†,†,†,†,†,†,†,†,†,†,†,†,†,†,†,†,†
LOS ANGELES COUNTY OFFICE OF EDUCATION,California,8,53,732,195,90,1,25,2,51,801,218,114,1,18,4,56,951,268,127,5,21
LOS ANGELES COUNTY ROP,California,0,0,0,0,0,0,0,0,0,0,0,0,0,0,0,0,0,0,0,0,0
LOS ANGELES UNIFIED,California,112,2843,37083,4160,3963,122,566,115,2811,32205,3757,3936,141,431,124,2921,30883,3826,3867,145,335
LOS ANGELES UNIFIED ROCP,California,†,†,†,†,†,†,†,†,†,†,†,†,†,†,†,†,†,†,†,†,†
LOS BANOS UNIFIED,California,5,16,678,13,135,10,8,6,24,631,8,107,10,7,7,15,564,18,119,9,7
LOS GATOS UNION ELEMENTARY,California,†,†,†,†,†,†,†,†,†,†,†,†,†,†,†,†,†,†,†,†,†
LOS GATOS-SARATOGA JOINT UNION HIGH,California,2,243,65,4,458,2,72,–,250,63,3,403,1,83,–,261,54,3,417,2,81
LOS MOLINOS UNIFIED,California,–,1,21,–,19,–,–,1,–,19,–,25,–,3,1,1,17,–,17,–,–
LOS NIETOS,California,†,†,†,†,†,†,†,†,†,†,†,†,†,†,†,†,†,†,†,†,†
LOS OLIVOS ELEMENTARY,California,†,†,†,†,†,†,†,†,†,†,†,†,†,†,†,†,†,†,†,†,†
LOST HILLS UNION ELEMENTARY,California,†,†,†,†,†,†,†,†,†,†,†,†,†,†,†,†,†,†,†,†,†
LOWELL JOINT,California,†,†,†,†,†,†,†,†,†,†,†,†,†,†,†,†,†,†,†,†,†
LUCERNE ELEMENTARY,California,†,†,†,†,†,†,†,†,†,†,†,†,†,†,†,†,†,†,†,†,†
LUCERNE VALLEY UNIFIED,California,–,5,44,7,62,–,8,2,4,42,2,46,–,6,–,2,31,1,39,–,3
LUCIA MAR UNIFIED,California,5,26,362,7,445,4,19,5,29,315,4,475,3,34,5,22,336,7,529,–,27
LUTHER BURBANK,California,†,†,†,†,†,†,†,†,†,†,†,†,†,†,†,†,†,†,†,†,†
LYNWOOD UNIFIED,California,–,1,1002,73,5,2,–,–,2,1025,84,4,4,1,–,3,1041,79,7,1,1
MADERA COUNTY SUPERINTENDENT OF SCHOOLS,California,–,–,100,3,18,–,2,2,–,153,4,25,–,5,3,1,269,9,43,–,8
MADERA UNIFIED,California,9,21,1283,28,100,3,4,1,24,1143,27,103,–,14,6,23,1079,32,104,–,7
MAGNOLIA ELEMENTARY,California,†,†,†,†,†,†,†,†,†,†,†,†,†,†,†,†,†,†,†,†,†
MAGNOLIA UNION ELEMENTARY,California,†,†,†,†,†,†,†,†,†,†,†,†,†,†,†,†,†,†,†,†,†
MAMMOTH UNIFIED,California,1,1,65,1,42,–,4,–,2,42,–,36,–,1,–,–,46,–,25,–,5
MANCHESTER UNION ELEMENTARY,California,†,†,†,†,†,†,†,†,†,†,†,†,†,†,†,†,†,†,†,†,†
MANHATTAN BEACH UNIFIED,California,–,62,102,18,342,–,60,–,73,94,35,345,3,72,–,51,83,32,382,–,86
MANTECA UNIFIED,California,17,279,1043,148,401,17,30,11,301,970,165,414,13,26,9,276,925,165,405,22,32
MANZANITA ELEMENTARY,California,†,†,†,†,†,†,†,†,†,†,†,†,†,†,†,†,†,†,†,†,†
MAPLE CREEK ELEMENTARY,California,†,†,†,†,†,†,†,†,†,†,†,†,†,†,†,†,†,†,†,†,†
MAPLE ELEMENTARY,California,†,†,†,†,†,†,†,†,†,†,†,†,†,†,†,†,†,†,†,†,†
MARCUM-ILLINOIS UNION ELEMENTARY,California,5,2,16,8,102,1,10,1,2,20,4,86,–,10,3,3,20,9,68,–,10
MARICOPA UNIFIED,California,8,7,84,28,128,1,29,4,8,94,21,124,1,27,11,6,127,33,160,2,36
MARIN COUNTY OFFICE OF EDUCATION,California,–,2,6,1,6,–,1,–,2,21,2,15,–,4,–,1,21,2,10,–,1
MARIN COUNTY ROP,California,0,0,0,0,0,0,0,0,0,0,0,0,0,0,0,0,0,0,0,0,0
MARIN PUPIL TRANSPORTATION AGENCY JPA,California,†,†,†,†,†,†,†,†,†,†,†,†,†,†,†,†,†,†,†,†,†
MARIPOSA COUNTY OFFICE OF EDUCATION,California,–,–,1,–,1,–,–,–,–,1,–,2,–,–,–,–,–,–,3,–,–
MARIPOSA COUNTY UNIFIED,California,6,3,25,1,104,–,15,5,1,22,–,82,–,7,3,3,21,3,97,–,10
MARK TWAIN UNION ELEMENTARY,California,†,†,†,†,†,†,†,†,†,†,†,†,†,†,†,†,†,†,†,†,†
MARK WEST UNION ELEMENTARY,California,†,†,†,†,†,†,†,†,†,†,†,†,†,†,†,†,†,†,†,†,†
MARTINEZ UNIFIED,California,1,30,95,10,176,–,25,1,19,80,13,165,1,35,1,23,95,8,158,1,27
MARYSVILLE JOINT UNIFIED,California,24,67,279,27,225,2,19,14,69,255,24,246,1,24,17,72,256,27,270,5,19
MATTOLE UNIFIED,California,3,–,9,–,42,–,3,1,–,6,1,35,–,3,6,–,16,2,51,–,6
MAXWELL UNIFIED,California,1,1,16,–,6,–,–,4,–,8,–,10,–,2,–,–,14,–,14,–,1
MCCABE UNION ELEMENTARY,California,†,†,†,†,†,†,†,†,†,†,†,†,†,†,†,†,†,†,†,†,†
MCCLOUD UNION ELEMENTARY,California,†,†,†,†,†,†,†,†,†,†,†,†,†,†,†,†,†,†,†,†,†
MCFARLAND UNIFIED,California,–,1,242,1,3,–,–,–,–,236,1,2,–,–,1,2,203,4,2,–,–
MCKINLEYVILLE UNION ELEMENTARY,California,†,†,†,†,†,†,†,†,†,†,†,†,†,†,†,†,†,†,†,†,†
MCKITTRICK ELEMENTARY,California,†,†,†,†,†,†,†,†,†,†,†,†,†,†,†,†,†,†,†,†,†
MCSWAIN UNION ELEMENTARY,California,†,†,†,†,†,†,†,†,†,†,†,†,†,†,†,†,†,†,†,†,†
MEADOWS UNION ELEMENTARY,California,†,†,†,†,†,†,†,†,†,†,†,†,†,†,†,†,†,†,†,†,†
MENDOCINO COUNTY OFFICE OF EDUCATION,California,4,–,10,1,2,–,1,4,–,12,–,4,–,–,1,–,6,1,7,–,–
MENDOCINO COUNTY ROC/ROP,California,0,0,0,0,0,0,0,0,0,0,0,0,0,0,0,0,0,0,0,0,0
MENDOCINO UNIFIED,California,–,–,4,–,43,1,–,1,1,3,1,46,1,3,2,1,3,–,46,–,–
MENDOTA UNIFIED,California,–,–,247,–,2,–,1,–,–,211,–,1,–,2,–,–,208,–,1,–,–
MENIFEE UNION ELEMENTARY,California,–,6,51,5,68,–,2,–,5,50,9,79,–,5,–,3,47,4,49,4,3
MENLO PARK CITY ELEMENTARY,California,†,†,†,†,†,†,†,†,†,†,†,†,†,†,†,†,†,†,†,†,†
MERCED CITY ELEMENTARY,California,†,†,†,†,†,†,†,†,†,†,†,†,†,†,†,†,†,†,†,†,†
MERCED COUNTY OFFICE OF EDUCATION,California,–,2,85,4,15,2,1,–,1,157,11,29,1,2,–,4,180,11,38,1,8
MERCED COUNTY ROP,California,†,†,†,†,†,†,†,0,0,0,0,0,0,0,0,0,0,0,0,0,0
MERCED RIVER UNION ELEMENTARY,California,†,†,†,†,†,†,†,†,†,†,†,†,†,†,†,†,†,†,†,†,†
MERCED UNION HIGH,California,21,260,1836,124,415,4,47,9,256,1699,91,420,7,25,8,257,1632,94,422,–,33
MERIDIAN ELEMENTARY,California,1,4,21,7,63,1,15,1,3,15,9,62,2,11,–,2,15,7,63,1,9
MESA UNION ELEMENTARY,California,–,1,11,2,11,–,–,–,1,8,3,16,–,2,–,1,2,1,11,–,–
METRO EDUCATION,California,†,†,†,†,†,†,†,0,0,0,0,0,0,0,0,0,0,0,0,0,0
METROPOLITAN EDUCATION,California,†,†,†,†,†,†,†,†,†,†,†,†,†,†,†,†,†,†,†,†,†
MID-PLACER TRANSPORTATION JPA,California,†,†,†,†,†,†,†,†,†,†,†,†,†,†,†,†,†,†,†,†,†
MIDDLETOWN UNIFIED,California,4,3,31,1,110,–,6,2,1,24,1,103,–,2,–,3,26,–,102,1,7
MIDWAY ELEMENTARY,California,†,†,†,†,†,†,†,†,†,†,†,†,†,†,†,†,†,†,†,†,†
MILL VALLEY ELEMENTARY,California,†,†,†,†,†,†,†,†,†,†,†,†,†,†,†,†,†,†,†,†,†
MILLBRAE ELEMENTARY,California,†,†,†,†,†,†,†,†,†,†,†,†,†,†,†,†,†,†,†,†,†
MILLVILLE ELEMENTARY,California,†,†,†,†,†,†,†,†,†,†,†,†,†,†,†,†,†,†,†,†,†
MILPITAS UNIFIED,California,–,529,158,28,51,6,10,3,584,192,26,49,8,26,3,503,166,27,62,9,20
MISSION TRAILS ROP,California,0,0,0,0,0,0,0,0,0,0,0,0,0,0,0,0,0,0,0,0,0
MISSION TRAILS ROP JPA,California,†,†,†,†,†,†,†,†,†,†,†,†,†,†,†,†,†,†,†,†,†
MISSION UNION ELEMENTARY,California,†,†,†,†,†,†,†,†,†,†,†,†,†,†,†,†,†,†,†,†,†
MISSION VALLEY ROC/P,California,0,0,0,0,0,0,0,0,0,0,0,0,0,0,0,0,0,0,0,0,0
MISSION VALLEY ROC/P,California,†,†,†,†,†,†,†,†,†,†,†,†,†,†,†,†,†,†,†,†,†
MODESTO CITY ELEMENTARY,California,†,†,†,†,†,†,†,†,†,†,†,†,†,†,†,†,†,†,†,†,†
MODESTO CITY HIGH,California,17,239,2188,136,989,24,241,15,230,1992,123,1018,34,260,13,244,2025,136,1048,38,268
MODESTO CITY SCHOOLS,California,†,†,†,†,†,†,†,†,†,†,†,†,†,†,†,†,†,†,†,†,†
MODOC COUNTY OFFICE OF EDUCATION,California,–,–,–,1,–,–,–,–,–,6,–,5,–,–,–,–,1,–,–,–,–
MODOC COUNTY ROP,California,0,0,0,0,0,0,0,0,0,0,0,0,0,0,0,0,0,0,0,0,0
MODOC JOINT UNIFIED,California,7,2,9,3,34,–,2,5,1,6,1,49,–,–,4,1,11,1,44,–,3
MOJAVE UNIFIED,California,4,2,71,42,32,–,5,2,1,83,42,36,–,3,–,–,61,31,45,–,7
MONO COUNTY OFFICE OF EDUCATION,California,–,–,4,–,1,–,–,–,–,5,–,–,–,–,–,18,199,77,71,1,5
MONO COUNTY ROC/P,California,0,0,0,0,0,0,0,0,0,0,0,0,0,0,0,0,0,0,0,0,0
MONROE ELEMENTARY,California,†,†,†,†,†,†,†,†,†,†,†,†,†,†,†,†,†,†,†,†,†
MONROVIA UNIFIED,California,2,29,281,46,82,1,9,2,26,276,35,116,1,9,1,28,286,38,103,–,9
MONSON-SULTANA JOINT UNION ELEMENTARY,California,†,†,†,†,†,†,†,†,†,†,†,†,†,†,†,†,†,†,†,†,†
MONTAGUE ELEMENTARY,California,†,†,†,†,†,†,†,†,†,†,†,†,†,†,†,†,†,†,†,†,†
MONTE RIO UNION ELEMENTARY,California,†,†,†,†,†,†,†,†,†,†,†,†,†,†,†,†,†,†,†,†,†
MONTEBELLO UNIFIED,California,1,54,2151,9,37,1,7,2,84,2192,5,29,1,7,5,71,2353,9,43,2,11
MONTECITO UNION ELEMENTARY,California,†,†,†,†,†,†,†,†,†,†,†,†,†,†,†,†,†,†,†,†,†
MONTEREY COUNTY OFFICE OF EDUCATION,California,–,3,104,3,39,–,13,–,4,134,5,34,1,14,–,5,206,4,41,–,14
MONTEREY PENINSULA UNIFIED,California,1,74,474,46,162,20,52,1,79,428,43,141,21,43,2,71,413,54,182,21,53
MONTGOMERY ELEMENTARY,California,†,†,†,†,†,†,†,†,†,†,†,†,†,†,†,†,†,†,†,†,†
MOORPARK UNIFIED,California,1,37,208,10,207,1,17,3,45,204,12,263,1,14,1,35,263,14,270,1,20
MORAGA ELEMENTARY,California,†,†,†,†,†,†,†,†,†,†,†,†,†,†,†,†,†,†,†,†,†
MORELAND,California,†,†,†,†,†,†,†,†,†,†,†,†,†,†,†,†,†,†,†,†,†
MORENO VALLEY UNIFIED,California,8,99,1823,366,206,19,26,8,112,1761,395,237,21,36,8,115,1665,371,205,16,28
MORGAN HILL UNIFIED,California,5,80,308,14,237,2,16,1,97,321,21,255,4,11,3,73,331,15,244,3,17
MORONGO UNIFIED,California,3,24,186,34,321,4,24,4,10,177,36,306,8,27,3,18,159,37,294,7,20
MOTHER LODE UNION ELEMENTARY,California,†,†,†,†,†,†,†,†,†,†,†,†,†,†,†,†,†,†,†,†,†
MOUNT PLEASANT ELEMENTARY,California,†,†,†,†,†,†,†,†,†,†,†,†,†,†,†,†,†,†,†,†,†
MOUNTAIN ELEMENTARY,California,†,†,†,†,†,†,†,†,†,†,†,†,†,†,†,†,†,†,†,†,†
MOUNTAIN EMPIRE UNIFIED,California,7,3,130,4,69,1,14,4,6,130,7,90,–,14,4,7,173,12,107,5,15
MOUNTAIN HOUSE ELEMENTARY,California,†,†,†,†,†,†,†,†,†,†,†,†,†,†,†,†,†,†,†,†,†
MOUNTAIN UNION ELEMENTARY,California,†,†,†,†,†,†,†,†,†,†,†,†,†,†,†,†,†,†,†,†,†
MOUNTAIN VALLEY UNIFIED,California,3,3,2,–,9,–,–,1,4,3,–,6,–,5,2,–,4,–,12,–,3
MOUNTAIN VIEW ELEMENTARY,California,†,†,†,†,†,†,†,†,†,†,†,†,†,†,†,†,†,†,†,†,†
MOUNTAIN VIEW ELEMENTARY,California,†,†,†,†,†,†,†,†,†,†,†,†,†,†,†,†,†,†,†,†,†
MOUNTAIN VIEW WHISMAN,California,†,†,†,†,†,†,†,†,†,†,†,†,†,†,†,†,†,†,†,†,†
MOUNTAIN VIEW-LOS ALTOS UNION HIGH,California,–,273,269,13,440,2,43,2,270,272,13,448,9,36,1,202,262,22,411,6,20
MT. BALDY JOINT ELEMENTARY,California,†,†,†,†,†,†,†,†,†,†,†,†,†,†,†,†,†,†,†,†,†
MT. DIABLO UNIFIED,California,11,273,866,122,729,15,92,14,290,921,107,752,20,96,8,278,845,105,825,24,88
MT. SHASTA UNION ELEMENTARY,California,†,†,†,†,†,†,†,†,†,†,†,†,†,†,†,†,†,†,†,†,†
MULBERRY ELEMENTARY,California,†,†,†,†,†,†,†,†,†,†,†,†,†,†,†,†,†,†,†,†,†
MUPU ELEMENTARY,California,–,–,4,1,3,–,2,–,2,4,–,12,–,1,–,–,5,1,5,–,1
MUROC JOINT UNIFIED,California,2,11,50,7,69,2,19,–,10,29,10,65,1,9,–,3,27,11,70,1,24
MURRIETA VALLEY UNIFIED,California,4,198,694,121,985,19,119,8,189,708,127,947,22,130,13,182,671,131,909,15,114
N. CO REGIONAL OCCUPATIONAL PROGRAM JPA,California,†,†,†,†,†,†,†,†,†,†,†,†,†,†,†,†,†,†,†,†,†
NAPA COUNTY OFFICE OF EDUCATION,California,–,–,15,–,4,1,–,–,–,28,1,4,–,1,–,–,48,–,6,1,1
NAPA COUNTY ROP,California,0,0,0,0,0,0,0,0,0,0,0,0,0,0,0,0,0,0,0,0,0
NAPA VALLEY UNIFIED,California,6,151,774,36,423,3,71,7,157,756,47,450,9,58,7,150,730,50,445,8,61
NATIONAL ELEMENTARY,California,–,–,2,–,–,–,–,†,†,†,†,†,†,†,†,†,†,†,†,†,†
NATOMAS UNIFIED,California,8,249,415,226,181,21,83,7,254,397,227,165,22,76,5,219,364,228,184,25,56
NEEDLES UNIFIED,California,9,–,17,1,32,1,2,9,–,15,1,37,–,1,14,2,14,3,26,–,2
NEVADA CITY ELEMENTARY,California,†,†,†,†,†,†,†,†,†,†,†,†,†,†,†,†,†,†,†,†,†
NEVADA CO CHARTER SERVICES AUTHORITY (JPA),California,†,†,†,†,†,†,†,†,†,†,†,†,†,†,†,†,†,†,†,†,†
NEVADA COUNTY OFFICE OF EDUCATION,California,2,1,5,1,99,1,3,3,3,149,28,107,1,15,13,17,787,183,237,4,82
NEVADA COUNTY PUPIL TRANSPORTATION,California,†,†,†,†,†,†,†,†,†,†,†,†,†,†,†,†,†,†,†,†,†
NEVADA JOINT UNION HIGH,California,9,12,92,7,580,1,24,15,10,64,5,558,–,20,11,12,67,4,636,3,21
NEW HAVEN UNIFIED,California,4,415,323,63,59,30,53,–,457,389,67,56,28,46,6,436,391,89,66,40,48
NEW HOPE ELEMENTARY,California,†,†,†,†,†,†,†,†,†,†,†,†,†,†,†,†,†,†,†,†,†
NEW JERUSALEM ELEMENTARY,California,6,32,155,42,138,2,28,3,38,166,24,159,2,30,2,32,219,67,216,4,35
NEWARK UNIFIED,California,1,101,249,18,79,7,11,1,119,245,22,70,8,13,1,90,203,22,61,9,19
NEWCASTLE ELEMENTARY,California,–,–,1,–,–,–,–,0,0,0,0,0,0,0,–,–,–,–,2,–,–
NEWHALL,California,†,†,†,†,†,†,†,†,†,†,†,†,†,†,†,†,†,†,†,†,†
NEWMAN-CROWS LANDING UNIFIED,California,–,6,167,2,37,–,8,–,1,161,5,35,3,3,–,1,151,6,50,–,6
NEWPORT-MESA UNIFIED,California,4,105,739,17,847,11,26,9,99,753,16,788,7,27,8,89,756,21,896,10,22
NICASIO,California,†,†,†,†,†,†,†,†,†,†,†,†,†,†,†,†,†,†,†,†,†
NORRIS ELEMENTARY,California,†,†,†,†,†,†,†,†,†,†,†,†,†,†,†,†,†,†,†,†,†
NORTH COUNTY JOINT UNION ELEMENTARY,California,†,†,†,†,†,†,†,†,†,†,†,†,†,†,†,†,†,†,†,†,†
NORTH COUNTY REGIONAL OCCUPATIONAL CENTER/PROGRAM (ROC/P),California,0,0,0,0,0,0,0,0,0,0,0,0,0,0,0,0,0,0,0,0,0
NORTH COW CREEK ELEMENTARY,California,†,†,†,†,†,†,†,†,†,†,†,†,†,†,†,†,†,†,†,†,†
NORTH KERN VOCATIONAL TRAINING CENTER,California,0,0,0,0,0,0,0,0,0,0,0,0,0,0,0,0,0,0,0,0,0
NORTH KERN VOCATIONAL TRAINING CENTER JPA,California,†,†,†,†,†,†,†,†,†,†,†,†,†,†,†,†,†,†,†,†,†
NORTH MONTEREY COUNTY UNIFIED,California,–,5,293,1,47,1,3,2,5,245,–,52,1,5,2,7,288,4,66,2,7
NORTH ORANGE COUNTY ROP JPA,California,†,†,†,†,†,†,†,†,†,†,†,†,†,†,†,†,†,†,†,†,†
NORTH ORANGE COUNTY ROP-ADULT,California,0,0,0,0,0,0,0,0,0,0,0,0,0,0,0,0,0,0,0,0,0
NORTH SANTA CRUZ COUNTY SELPA,California,†,†,†,†,†,†,†,†,†,†,†,†,†,†,†,†,†,†,†,†,†
NORTHERN CALIF. MEDI-CAL ADMIN. SERVICES JPA,California,†,†,†,†,†,†,†,†,†,†,†,†,†,†,†,†,†,†,†,†,†
NORTHERN HUMBOLDT UNION HIGH,California,30,7,53,5,291,1,54,23,13,42,3,278,1,54,16,6,32,1,293,–,46
NORWALK-LA MIRADA UNIFIED,California,2,91,1119,35,123,10,12,3,85,1107,36,123,2,11,–,99,1195,32,140,7,15
NOVATO UNIFIED,California,5,36,224,22,356,2,32,3,35,206,19,348,–,34,4,23,183,18,328,1,21
NUESTRO ELEMENTARY,California,–,1,–,–,11,–,1,–,–,1,–,6,–,2,–,–,–,–,4,–,1
NUVIEW UNION,California,1,8,127,10,34,1,8,–,8,120,3,37,1,4,–,2,102,3,20,1,6
OAK GROVE ELEMENTARY,California,†,†,†,†,†,†,†,†,†,†,†,†,†,†,†,†,†,†,†,†,†
OAK GROVE UNION ELEMENTARY,California,3,1,21,2,33,–,7,1,–,32,1,29,–,7,1,3,36,1,19,–,4
OAK PARK UNIFIED,California,–,67,36,7,317,1,17,1,66,47,11,290,1,14,3,48,44,3,295,1,11
OAK RUN ELEMENTARY,California,†,†,†,†,†,†,†,†,†,†,†,†,†,†,†,†,†,†,†,†,†
OAK VALLEY UNION ELEMENTARY,California,†,†,†,†,†,†,†,†,†,†,†,†,†,†,†,†,†,†,†,†,†
OAK VIEW UNION ELEMENTARY,California,†,†,†,†,†,†,†,†,†,†,†,†,†,†,†,†,†,†,†,†,†
OAKDALE JOINT UNIFIED,California,5,14,140,5,265,1,1,4,18,151,1,255,–,1,3,8,159,2,276,–,1
OAKLAND UNIFIED,California,7,490,1739,877,273,35,170,12,524,1472,824,253,36,106,10,461,1309,870,223,36,97
OAKLEY UNION ELEMENTARY,California,†,†,†,†,†,†,†,†,†,†,†,†,†,†,†,†,†,†,†,†,†
OCEAN VIEW,California,†,†,†,†,†,†,†,†,†,†,†,†,†,†,†,†,†,†,†,†,†
OCEAN VIEW,California,†,†,†,†,†,†,†,†,†,†,†,†,†,†,†,†,†,†,†,†,†
OCEANSIDE UNIFIED,California,1,96,843,78,284,33,59,5,77,787,101,287,31,64,7,105,865,96,363,38,54
OJAI UNIFIED,California,2,5,58,1,106,–,2,2,4,64,2,116,–,3,4,5,72,5,109,–,4
OLD ADOBE UNION,California,†,†,†,†,†,†,†,†,†,†,†,†,†,†,†,†,†,†,†,†,†
ONTARIO-MONTCLAIR,California,†,†,†,†,†,†,†,†,†,†,†,†,†,†,†,†,†,†,†,†,†
ORANGE CENTER,California,–,–,3,–,7,–,–,–,1,9,1,2,–,–,1,2,5,–,4,–,2
ORANGE COUNTY DEPARTMENT OF EDUCATION,California,3,30,700,16,145,5,32,10,42,828,23,210,5,47,8,35,709,24,229,4,25
ORANGE UNIFIED,California,3,281,1186,34,691,10,46,3,280,1187,42,785,9,62,5,280,1129,41,750,9,49
ORCHARD ELEMENTARY,California,†,†,†,†,†,†,†,†,†,†,†,†,†,†,†,†,†,†,†,†,†
ORCUTT UNION ELEMENTARY,California,1,8,46,–,88,1,5,–,9,44,–,88,–,4,3,6,38,3,85,1,4
ORICK ELEMENTARY,California,†,†,†,†,†,†,†,†,†,†,†,†,†,†,†,†,†,†,†,†,†
ORINDA UNION ELEMENTARY,California,†,†,†,†,†,†,†,†,†,†,†,†,†,†,†,†,†,†,†,†,†
ORLAND JOINT UNIFIED,California,2,8,109,–,74,–,1,1,3,109,–,58,–,2,1,8,101,–,75,–,1
ORO GRANDE,California,3,5,218,41,107,–,13,3,5,258,45,117,4,5,3,4,375,34,193,2,15
OROVILLE CITY ELEMENTARY,California,†,†,†,†,†,†,†,†,†,†,†,†,†,†,†,†,†,†,†,†,†
OROVILLE UNION HIGH,California,54,81,114,18,280,4,9,29,68,119,20,284,–,42,18,92,90,9,252,–,29
OUTSIDE CREEK ELEMENTARY,California,†,†,†,†,†,†,†,†,†,†,†,†,†,†,†,†,†,†,†,†,†
OWENS VALLEY UNIFIED,California,–,–,1,–,1,–,1,2,–,2,–,4,–,–,–,–,2,–,4,–,–
OXNARD,California,†,†,†,†,†,†,†,†,†,†,†,†,†,†,†,†,†,†,†,†,†
OXNARD UNION HIGH,California,5,223,3304,68,483,9,73,5,236,3180,72,511,15,63,8,236,3265,72,522,21,76
PACHECO UNION ELEMENTARY,California,†,†,†,†,†,†,†,†,†,†,†,†,†,†,†,†,†,†,†,†,†
PACIFIC ELEMENTARY,California,†,†,†,†,†,†,†,†,†,†,†,†,†,†,†,†,†,†,†,†,†
PACIFIC GROVE UNIFIED,California,1,17,22,5,96,1,10,–,21,26,2,89,3,9,1,23,22,5,86,1,11
PACIFIC UNION ELEMENTARY,California,†,†,†,†,†,†,†,†,†,†,†,†,†,†,†,†,†,†,†,†,†
PACIFIC UNION ELEMENTARY,California,†,†,†,†,†,†,†,†,†,†,†,†,†,†,†,†,†,†,†,†,†
PACIFICA,California,†,†,†,†,†,†,†,†,†,†,†,†,†,†,†,†,†,†,†,†,†
PAJARO VALLEY UNIFIED,California,1,35,1178,3,220,1,6,2,29,1057,8,233,–,2,3,18,1019,7,211,1,1
PAJARO VALLEY UNIFIED SELPA,California,†,†,†,†,†,†,†,†,†,†,†,†,†,†,†,†,†,†,†,†,†
PALERMO UNION ELEMENTARY,California,†,†,†,†,†,†,†,†,†,†,†,†,†,†,†,†,†,†,†,†,†
PALM SPRINGS UNIFIED,California,7,79,1326,103,260,3,29,6,83,1380,96,234,5,17,11,63,1281,112,260,4,18
PALMDALE ELEMENTARY,California,5,10,437,78,60,–,13,3,11,390,56,59,–,10,1,4,187,26,35,2,6
PALO ALTO UNIFIED,California,1,384,93,20,432,7,64,3,392,97,18,394,8,67,4,351,87,24,413,3,53
PALO VERDE UNIFIED,California,1,3,168,10,81,–,3,3,7,146,16,55,3,3,1,1,167,18,66,–,1
PALO VERDE UNION ELEMENTARY,California,†,†,†,†,†,†,†,†,†,†,†,†,†,†,†,†,†,†,†,†,†
PALOS VERDES PENINSULA UNIFIED,California,3,363,120,31,537,1,62,1,351,125,34,564,–,44,3,287,118,27,545,2,30
PANAMA-BUENA VISTA UNION,California,†,†,†,†,†,†,†,†,†,†,†,†,†,†,†,†,†,†,†,†,†
PANOCHE ELEMENTARY,California,†,†,†,†,†,†,†,†,†,†,†,†,†,†,†,†,†,†,†,†,†
PARADISE ELEMENTARY,California,†,†,†,†,†,†,†,†,†,†,†,†,†,†,†,†,†,†,†,†,†
PARADISE UNIFIED,California,6,3,46,1,246,1,28,6,10,40,2,242,–,21,2,5,36,3,269,–,38
PARAMOUNT UNIFIED,California,1,21,1077,117,16,9,15,–,19,1134,80,13,11,8,–,11,1134,90,11,10,11
PARLIER UNIFIED,California,–,2,227,–,2,–,–,–,1,217,–,–,–,–,–,1,226,–,4,–,–
PARTNERS IN NUTRITION COOPERATIVE,California,†,†,†,†,†,†,†,†,†,†,†,†,†,†,†,†,†,†,†,†,†
PASADENA UNIFIED,California,3,61,833,173,198,4,41,2,68,811,190,166,6,42,4,62,1000,199,183,2,52
PASO ROBLES JOINT UNIFIED,California,5,9,283,13,281,2,11,3,5,275,7,254,3,14,2,11,266,7,241,2,11
PATTERSON JOINT UNIFIED,California,2,21,308,18,62,6,12,4,16,351,40,70,11,15,4,22,309,31,66,7,10
PENINSULA UNION,California,†,†,†,†,†,†,†,†,†,†,†,†,†,†,†,†,†,†,†,†,†
PENN VALLEY UNION ELEMENTARY,CALIFORNIA,–,–,–,–,2,–,–,1,–,1,–,11,–,–,–,–,1,–,15,–,–
PERRIS ELEMENTARY,California,†,†,†,†,†,†,†,†,†,†,†,†,†,†,†,†,†,†,†,†,†
PERRIS UNION HIGH,California,9,73,1593,141,440,12,79,6,100,1585,157,401,4,79,3,76,1434,140,372,7,61
PETALUMA CITY ELEMENTARY,California,–,–,1,–,1,–,–,1,1,1,3,9,–,2,–,–,1,1,5,–,–
PETALUMA CITY ELEMENTARY/JOINT UNION HIGH,California,†,†,†,†,†,†,†,†,†,†,†,†,†,†,†,†,†,†,†,†,†
PETALUMA JOINT UNION HIGH,California,4,35,293,11,484,1,41,4,35,252,9,463,4,28,3,25,303,9,489,2,32
PIEDMONT CITY UNIFIED,California,1,39,17,9,136,–,33,–,30,9,6,133,1,33,–,39,12,2,140,–,32
PIERCE JOINT UNIFIED,California,–,–,84,3,25,–,1,–,3,82,1,25,–,–,–,2,78,1,30,–,–
PINE RIDGE ELEMENTARY,California,†,†,†,†,†,†,†,†,†,†,†,†,†,†,†,†,†,†,†,†,†
PINER-OLIVET UNION ELEMENTARY,California,–,1,13,–,5,–,2,–,–,13,–,5,–,1,–,–,6,–,3,–,1
PIONEER UNION ELEMENTARY,California,†,†,†,†,†,†,†,†,†,†,†,†,†,†,†,†,†,†,†,†,†
PIONEER UNION ELEMENTARY,California,†,†,†,†,†,†,†,†,†,†,†,†,†,†,†,†,†,†,†,†,†
PIONEER UNION ELEMENTARY,California,†,†,†,†,†,†,†,†,†,†,†,†,†,†,†,†,†,†,†,†,†
PITTSBURG UNIFIED,California,2,85,530,175,45,27,13,2,86,563,170,42,15,32,1,77,436,143,49,14,37
PIXLEY UNION ELEMENTARY,California,†,†,†,†,†,†,†,†,†,†,†,†,†,†,†,†,†,†,†,†,†
PLACENTIA-YORBA LINDA UNIFIED,California,5,324,828,30,867,8,57,4,335,765,36,987,5,36,5,331,797,38,922,4,32
PLACER COUNTY OFFICE OF EDUCATION,California,2,4,15,2,37,–,3,–,–,20,4,30,–,5,2,–,20,2,50,–,4
PLACER HILLS UNION ELEMENTARY,California,†,†,†,†,†,†,†,†,†,†,†,†,†,†,†,†,†,†,†,†,†
PLACER UNION HIGH,California,12,16,146,7,750,1,76,12,11,116,7,794,1,70,9,12,144,8,796,1,77
PLACERVILLE UNION ELEMENTARY,California,†,†,†,†,†,†,†,†,†,†,†,†,†,†,†,†,†,†,†,†,†
PLAINSBURG UNION ELEMENTARY,California,†,†,†,†,†,†,†,†,†,†,†,†,†,†,†,†,†,†,†,†,†
PLANADA ELEMENTARY,California,†,†,†,†,†,†,†,†,†,†,†,†,†,†,†,†,†,†,†,†,†
PLAZA ELEMENTARY,California,†,†,†,†,†,†,†,†,†,†,†,†,†,†,†,†,†,†,†,†,†
PLEASANT GROVE JOINT UNION,California,†,†,†,†,†,†,†,†,†,†,†,†,†,†,†,†,†,†,†,†,†
PLEASANT RIDGE UNION ELEMENTARY,California,†,†,†,†,†,†,†,†,†,†,†,†,†,†,†,†,†,†,†,†,†
PLEASANT VALLEY,California,†,†,†,†,†,†,†,†,†,†,†,†,†,†,†,†,†,†,†,†,†
PLEASANT VALLEY JOINT UNION ELEMENTARY,California,†,†,†,†,†,†,†,†,†,†,†,†,†,†,†,†,†,†,†,†,†
PLEASANT VIEW ELEMENTARY,California,†,†,†,†,†,†,†,†,†,†,†,†,†,†,†,†,†,†,†,†,†
PLEASANTON UNIFIED,California,3,446,130,34,560,4,49,3,458,109,20,613,3,25,4,435,122,21,606,4,37
PLUMAS COUNTY OFFICE OF EDUCATION,California,–,–,–,–,2,–,–,–,–,–,–,1,–,–,–,–,–,–,3,–,–
PLUMAS COUNTY ROP,California,†,†,†,†,†,†,†,0,0,0,0,0,0,0,0,0,0,0,0,0,0
PLUMAS LAKE ELEMENTARY,California,†,†,†,†,†,†,†,†,†,†,†,†,†,†,†,†,†,†,†,†,†
PLUMAS UNIFIED,California,5,2,26,2,122,–,15,7,4,23,3,103,–,10,11,2,22,1,126,1,10
POINT ARENA JOINT UNION HIGH,California,3,1,21,–,14,–,–,1,–,22,–,12,–,–,3,–,11,–,19,–,–
POLLOCK PINES ELEMENTARY,California,†,†,†,†,†,†,†,†,†,†,†,†,†,†,†,†,†,†,†,†,†
POMONA UNIFIED,California,2,80,1513,103,72,1,20,2,96,1542,103,79,6,22,3,108,1680,94,66,4,19
POND UNION ELEMENTARY,California,†,†,†,†,†,†,†,†,†,†,†,†,†,†,†,†,†,†,†,†,†
POPE VALLEY UNION ELEMENTARY,California,†,†,†,†,†,†,†,†,†,†,†,†,†,†,†,†,†,†,†,†,†
PORTERVILLE UNIFIED,California,32,60,1343,8,242,6,21,25,62,1306,5,279,6,29,41,57,1153,8,273,5,21
PORTOLA VALLEY ELEMENTARY,California,†,†,†,†,†,†,†,†,†,†,†,†,†,†,†,†,†,†,†,†,†
POTTER VALLEY COMMUNITY UNIFIED,California,1,–,7,–,14,–,–,–,–,4,–,12,–,1,–,–,4,–,11,–,–
POWAY UNIFIED,California,8,729,398,77,1387,11,147,5,756,358,81,1310,15,171,10,751,425,86,1432,15,130
PRINCETON JOINT UNIFIED,California,–,–,9,–,9,–,–,–,–,21,–,10,–,–,–,–,5,–,4,–,–
PUPIL TRANSPORTATION CO-OP JPA,California,†,†,†,†,†,†,†,†,†,†,†,†,†,†,†,†,†,†,†,†,†
RAISIN CITY ELEMENTARY,California,–,4,108,16,9,–,4,–,7,76,10,8,–,2,–,1,15,–,4,–,2
RAMONA CITY UNIFIED,California,6,3,166,4,254,–,13,3,5,159,4,262,–,15,7,2,154,8,274,2,10
RANCHO SANTA FE ELEMENTARY,California,†,†,†,†,†,†,†,†,†,†,†,†,†,†,†,†,†,†,†,†,†
RAVENDALE-TERMO ELEMENTARY,California,–,–,7,2,35,–,3,1,–,11,1,45,–,2,3,–,15,–,57,1,5
RAVENSWOOD CITY ELEMENTARY,California,–,–,33,1,–,1,3,–,–,32,3,–,2,1,–,2,45,4,1,2,1
RAYMOND-KNOWLES UNION ELEMENTARY,California,†,†,†,†,†,†,†,†,†,†,†,†,†,†,†,†,†,†,†,†,†
RED BLUFF JOINT UNION HIGH,California,12,6,123,6,228,3,9,14,8,115,2,252,–,10,14,2,104,5,267,–,20
RED BLUFF UNION ELEMENTARY,California,†,†,†,†,†,†,†,†,†,†,†,†,†,†,†,†,†,†,†,†,†
REDDING ELEMENTARY,California,–,–,2,–,20,–,2,–,–,1,–,14,–,2,–,1,4,–,11,–,1
REDLANDS UNIFIED,California,7,227,815,127,554,3,65,8,203,830,128,559,10,64,8,200,845,122,619,9,58
REDONDO BEACH UNIFIED,California,–,69,167,52,355,4,116,4,80,173,49,314,7,83,1,85,176,57,291,8,88
REDWOOD CITY ELEMENTARY,California,†,†,†,†,†,†,†,†,†,†,†,†,†,†,†,†,†,†,†,†,†
REED UNION ELEMENTARY,California,†,†,†,†,†,†,†,†,†,†,†,†,†,†,†,†,†,†,†,†,†
REEDS CREEK ELEMENTARY,California,†,†,†,†,†,†,†,†,†,†,†,†,†,†,†,†,†,†,†,†,†
REEF-SUNSET UNIFIED,California,–,–,174,–,3,–,–,1,1,188,–,8,–,–,–,–,142,1,6,–,–
RESCUE UNION ELEMENTARY,California,†,†,†,†,†,†,†,†,†,†,†,†,†,†,†,†,†,†,†,†,†
RIALTO UNIFIED,California,5,33,1579,220,73,12,14,4,27,1596,215,79,17,11,2,37,1616,217,80,7,17
RICHFIELD ELEMENTARY,California,†,†,†,†,†,†,†,†,†,†,†,†,†,†,†,†,†,†,†,†,†
RICHGROVE ELEMENTARY,California,†,†,†,†,†,†,†,†,†,†,†,†,†,†,†,†,†,†,†,†,†
RICHLAND UNION ELEMENTARY,California,†,†,†,†,†,†,†,†,†,†,†,†,†,†,†,†,†,†,†,†,†
RICHMOND ELEMENTARY,California,†,†,†,†,†,†,†,†,†,†,†,†,†,†,†,†,†,†,†,†,†
RIM OF THE WORLD UNIFIED,California,2,3,89,1,160,1,14,2,6,85,3,165,–,20,2,5,103,3,209,–,7
RINCON VALLEY UNION ELEMENTARY,California,†,†,†,†,†,†,†,†,†,†,†,†,†,†,†,†,†,†,†,†,†
RIO BRAVO-GREELEY UNION ELEMENTARY,California,†,†,†,†,†,†,†,†,†,†,†,†,†,†,†,†,†,†,†,†,†
RIO DELL ELEMENTARY,California,†,†,†,†,†,†,†,†,†,†,†,†,†,†,†,†,†,†,†,†,†
RIO ELEMENTARY,California,†,†,†,†,†,†,†,†,†,†,†,†,†,†,†,†,†,†,†,†,†
RIPON UNIFIED,California,3,27,117,10,164,2,34,2,13,117,12,194,2,36,1,25,114,18,178,2,40
RIVER DELTA JOINT UNIFIED,California,–,2,96,–,69,–,8,2,3,70,4,58,–,3,4,5,85,3,73,–,4
RIVERBANK UNIFIED,California,1,–,149,4,25,–,–,–,–,169,2,32,–,1,–,1,141,1,24,–,–
RIVERDALE JOINT UNIFIED,California,2,3,119,2,14,–,–,2,1,131,1,28,–,–,–,–,120,3,19,–,–
RIVERSIDE COUNTY OFFICE OF EDUCATION,California,2,6,273,50,130,1,19,3,11,335,48,139,4,24,9,26,729,111,258,6,37
RIVERSIDE COUNTY OFFICE OF EDUCATION ROP,California,0,0,0,0,0,0,0,0,0,0,0,0,0,0,0,0,0,0,0,0,0
RIVERSIDE UNIFIED,California,16,165,2066,277,848,15,104,8,175,2010,263,858,19,68,12,178,1912,269,851,17,56
ROBERTS FERRY UNION ELEMENTARY,California,†,†,†,†,†,†,†,†,†,†,†,†,†,†,†,†,†,†,†,†,†
ROBLA ELEMENTARY,California,–,–,9,7,3,1,4,–,–,12,6,6,3,1,1,–,4,2,2,–,–
ROCKFORD ELEMENTARY,California,†,†,†,†,†,†,†,†,†,†,†,†,†,†,†,†,†,†,†,†,†
ROCKLIN UNIFIED,California,4,156,177,15,720,7,87,4,127,153,18,733,6,81,11,117,162,16,749,1,78
ROMOLAND ELEMENTARY,California,†,†,†,†,†,†,†,†,†,†,†,†,†,†,†,†,†,†,†,†,†
ROSEDALE UNION ELEMENTARY,California,†,†,†,†,†,†,†,†,†,†,†,†,†,†,†,†,†,†,†,†,†
ROSELAND,California,3,2,149,2,3,–,1,2,2,156,1,3,–,–,1,1,99,4,–,1,–
ROSEMEAD ELEMENTARY,California,†,†,†,†,†,†,†,†,†,†,†,†,†,†,†,†,†,†,†,†,†
ROSEVILLE CITY ELEMENTARY,California,†,†,†,†,†,†,†,†,†,†,†,†,†,†,†,†,†,†,†,†,†
ROSEVILLE JOINT UNION HIGH,California,11,331,462,102,1549,16,101,8,300,462,100,1523,17,151,13,302,487,108,1495,14,173
ROSS ELEMENTARY,California,†,†,†,†,†,†,†,†,†,†,†,†,†,†,†,†,†,†,†,†,†
ROSS VALLEY ELEMENTARY,California,†,†,†,†,†,†,†,†,†,†,†,†,†,†,†,†,†,†,†,†,†
ROUND VALLEY JOINT ELEMENTARY,California,†,†,†,†,†,†,†,†,†,†,†,†,†,†,†,†,†,†,†,†,†
ROUND VALLEY UNIFIED,California,14,–,7,–,3,–,–,16,–,6,–,5,–,–,14,–,7,–,1,–,–
ROWLAND UNIFIED,California,6,336,679,22,46,4,11,3,390,702,23,45,8,20,1,369,688,20,41,1,14
SACRAMENTO CITY UNIFIED,California,21,668,1186,664,516,61,183,18,663,1208,555,505,65,155,26,680,1119,598,529,67,160
SACRAMENTO COUNTY OFFICE OF EDUCATION,California,1,5,21,27,18,–,9,1,5,27,31,13,1,9,1,18,110,73,41,4,25
SACRAMENTO COUNTY ROP,California,0,0,0,0,0,0,0,0,0,0,0,0,0,0,0,0,0,0,0,0,0
SADDLEBACK VALLEY UNIFIED,California,3,266,730,37,1166,5,128,8,244,747,46,1262,5,132,6,253,770,51,1204,8,143
SAINT HELENA UNIFIED,California,1,1,51,1,69,–,–,2,–,53,–,45,–,–,–,2,65,1,51,1,–
SALIDA UNION ELEMENTARY,California,†,†,†,†,†,†,†,†,†,†,†,†,†,†,†,†,†,†,†,†,†
SALINAS CITY ELEMENTARY,California,†,†,†,†,†,†,†,†,†,†,†,†,†,†,†,†,†,†,†,†,†
SALINAS UNION HIGH,California,5,95,2203,20,314,3,10,4,102,2102,27,262,3,17,3,126,2050,27,223,4,15
SAN ANTONIO ROP,California,†,†,†,†,†,†,†,†,†,†,†,†,†,†,†,†,†,†,†,†,†
SAN ANTONIO ROP,California,0,0,0,0,0,0,0,0,0,0,0,0,0,0,0,0,0,0,0,0,0
SAN ANTONIO UNION ELEMENTARY,California,†,†,†,†,†,†,†,†,†,†,†,†,†,†,†,†,†,†,†,†,†
SAN ARDO UNION ELEMENTARY,California,†,†,†,†,†,†,†,†,†,†,†,†,†,†,†,†,†,†,†,†,†
SAN BENITO COUNTY OFFICE OF EDUCATION,California,–,–,6,–,–,–,–,–,–,7,–,–,–,–,–,–,4,–,2,–,–
SAN BENITO HIGH,California,2,17,554,6,184,–,10,2,18,514,2,202,1,10,–,19,537,2,211,–,5
SAN BERNARDINO CITY UNIFIED,California,20,78,2809,431,244,15,96,19,78,2647,467,239,20,111,22,83,2693,463,254,24,89
SAN BERNARDINO COUNTY OFFICE OF EDUCATION,California,1,4,117,49,30,1,14,3,3,164,61,32,–,10,8,9,266,99,90,2,23
SAN BERNARDINO COUNTY ROP,California,0,0,0,0,0,0,0,0,0,0,0,0,0,0,0,0,0,0,0,0,0
SAN BRUNO PARK ELEMENTARY,California,†,†,†,†,†,†,†,†,†,†,†,†,†,†,†,†,†,†,†,†,†
SAN CARLOS ELEMENTARY,California,†,†,†,†,†,†,†,†,†,†,†,†,†,†,†,†,†,†,†,†,†
SAN DIEGO COUNTY OFFICE OF EDUCATION,California,1,15,192,26,58,2,6,4,16,248,38,74,4,16,6,31,420,71,71,3,24
SAN DIEGO COUNTY ROP,California,0,0,0,0,0,0,0,0,0,0,0,0,0,0,0,0,0,0,0,0,0
SAN DIEGO UNIFIED,California,30,1339,4636,818,2046,50,642,20,1385,4126,674,2013,41,532,26,1481,4505,906,2068,64,534
SAN DIEGUITO UNION HIGH,California,6,392,309,20,1535,5,63,7,358,283,20,1464,5,23,9,349,290,22,1477,5,27
SAN FRANCISCO COUNTY OFFICE OF EDUCATION,California,3,7,22,17,8,2,4,–,12,20,18,3,1,3,2,15,30,27,8,1,4
SAN FRANCISCO COUNTY ROP,California,0,0,0,0,0,0,0,0,0,0,0,0,0,0,0,0,0,0,0,0,0
SAN FRANCISCO UNIFIED,California,28,1906,1343,466,487,56,282,44,2185,2397,866,649,69,280,32,2077,1430,550,473,56,269
SAN GABRIEL UNIFIED,California,1,254,312,18,84,1,53,9,321,276,20,79,2,46,7,294,299,12,78,2,32
SAN JACINTO UNIFIED,California,17,14,583,64,124,5,19,11,15,572,69,118,7,17,14,20,495,60,108,3,15
SAN JOAQUIN COUNTY OFFICE OF EDUCATION,California,3,26,285,73,77,3,21,2,43,356,65,117,5,34,6,51,569,149,131,7,36
SAN JOAQUIN COUNTY ROP,California,0,0,0,0,0,0,0,0,0,0,0,0,0,0,0,0,0,0,0,0,0
SAN JOAQUIN DATA PROCESSING JPA,California,†,†,†,†,†,†,†,†,†,†,†,†,†,†,†,†,†,†,†,†,†
SAN JOSE UNIFIED,California,18,378,1357,84,661,12,50,13,451,1297,78,660,10,44,15,387,1438,81,681,7,56
SAN JUAN UNIFIED,California,52,285,819,294,2242,47,124,61,307,859,309,2248,33,105,66,319,968,354,2509,57,120
SAN LEANDRO UNIFIED,California,3,167,322,122,60,4,21,–,184,327,128,60,13,15,–,171,309,126,59,10,13
SAN LORENZO UNIFIED,California,4,237,552,149,99,8,23,1,267,506,124,96,19,12,3,221,526,122,112,10,11
SAN LORENZO VALLEY UNIFIED,California,1,7,54,3,177,1,29,3,5,44,2,207,–,23,–,8,40,3,201,1,20
SAN LUCAS UNION ELEMENTARY,California,†,†,†,†,†,†,†,†,†,†,†,†,†,†,†,†,†,†,†,†,†
SAN LUIS COASTAL UNIFIED,California,1,38,148,6,372,–,25,1,36,158,6,363,–,17,4,35,120,6,337,–,26
SAN LUIS OBISPO COUNTY OFFICE OF EDUCATION,California,1,–,22,1,9,–,1,3,–,108,4,37,2,1,6,3,137,2,33,–,4
SAN MARCOS UNIFIED,California,5,122,669,36,628,12,1,9,131,689,44,624,10,–,3,110,703,39,592,12,2
SAN MARINO UNIFIED,California,–,180,17,1,71,–,17,–,187,24,3,73,4,11,–,174,19,2,77,–,5
SAN MATEO COUNTY OFFICE OF EDUCATION,California,–,8,14,–,6,1,3,–,11,30,2,6,3,1,–,10,32,1,10,4,2
SAN MATEO COUNTY ROP,California,†,†,†,†,†,†,†,0,0,0,0,0,0,0,0,0,0,0,0,0,0
SAN MATEO UNION HIGH,California,5,653,665,22,649,63,227,3,673,730,28,690,43,177,4,555,682,22,628,55,168
SAN MATEO-FOSTER CITY,California,†,†,†,†,†,†,†,†,†,†,†,†,†,†,†,†,†,†,†,†,†
SAN MIGUEL JOINT UNION,California,†,†,†,†,†,†,†,†,†,†,†,†,†,†,†,†,†,†,†,†,†
SAN PASQUAL UNION ELEMENTARY,California,†,†,†,†,†,†,†,†,†,†,†,†,†,†,†,†,†,†,†,†,†
SAN PASQUAL VALLEY UNIFIED,California,22,–,24,–,3,–,1,23,–,27,–,–,–,–,17,–,20,–,1,–,3
SAN RAFAEL CITY ELEMENTARY,California,†,†,†,†,†,†,†,†,†,†,†,†,†,†,†,†,†,†,†,†,†
SAN RAFAEL CITY HIGH,California,2,40,366,6,216,3,14,2,39,353,14,220,–,3,6,40,316,10,197,4,3
SAN RAMON VALLEY UNIFIED,California,5,947,238,53,1219,5,159,6,943,234,52,1203,3,180,2,776,236,44,1253,3,142
SAN YSIDRO ELEMENTARY,California,†,†,†,†,†,†,†,†,†,†,†,†,†,†,†,†,†,†,†,†,†
SANGER UNIFIED,California,3,105,643,10,101,3,12,3,109,569,10,119,–,10,2,89,523,11,112,1,13
SANTA ANA UNIFIED,California,5,172,3803,12,204,6,70,8,181,3658,18,215,2,52,–,170,3527,9,203,5,36
SANTA BARBARA COUNTY OFFICE OF EDUCATION,California,–,–,25,–,4,–,1,–,–,41,2,8,–,–,1,1,28,1,5,–,–
SANTA BARBARA COUNTY ROP,California,0,0,0,0,0,0,0,0,0,0,0,0,0,0,0,0,0,0,0,0,0
SANTA BARBARA COUNTY SELPA JPA,California,†,†,†,†,†,†,†,†,†,†,†,†,†,†,†,†,†,†,†,†,†
SANTA BARBARA UNIFIED,California,9,91,832,20,608,–,10,16,101,901,21,704,2,7,15,81,902,28,699,5,4
SANTA CLARA COUNTY OFFICE OF EDUCATION,California,1,94,177,20,66,3,31,–,84,217,16,54,2,14,1,65,341,33,45,1,4
SANTA CLARA COUNTY ROP,California,0,0,0,0,0,0,0,0,0,0,0,0,0,0,0,0,0,0,0,0,0
SANTA CLARA ELEMENTARY,California,†,†,†,†,†,†,†,†,†,†,†,†,†,†,†,†,†,†,†,†,†
SANTA CLARA UNIFIED,California,10,310,421,39,242,6,46,4,329,394,38,246,5,56,9,327,396,44,264,10,42
SANTA CLARITA VLLY SCH FOOD SVS AGENCY JPA,California,†,†,†,†,†,†,†,†,†,†,†,†,†,†,†,†,†,†,†,†,†
SANTA CRUZ CITY ELEMENTARY,California,†,†,†,†,†,†,†,†,†,†,†,†,†,†,†,†,†,†,†,†,†
SANTA CRUZ CITY ELEMENTARY/HIGH,California,†,†,†,†,†,†,†,†,†,†,†,†,†,†,†,†,†,†,†,†,†
SANTA CRUZ CITY HIGH,California,5,22,325,11,469,2,38,5,33,322,12,421,3,36,6,31,305,11,451,2,32
SANTA CRUZ COUNTY OFFICE OF EDUCATION,California,3,7,63,1,111,–,12,1,10,139,3,141,–,9,1,9,176,4,175,–,21
SANTA CRUZ COUNTY ROP,California,0,0,0,0,0,0,0,0,0,0,0,0,0,0,0,0,0,0,0,0,0
SANTA MARIA JOINT UNION HIGH,California,5,60,1653,19,186,4,20,7,62,1617,22,212,3,22,6,66,1639,30,213,2,31
SANTA MARIA-BONITA,California,†,†,†,†,†,†,†,†,†,†,†,†,†,†,†,†,†,†,†,†,†
SANTA MONICA-MALIBU UNIFIED,California,3,64,277,61,403,2,63,–,56,289,63,408,2,69,3,66,319,81,385,1,68
SANTA PAULA UNIFIED,California,–,1,422,–,13,1,–,1,–,390,1,16,–,–,–,2,373,–,14,–,–
SANTA RITA UNION ELEMENTARY,California,†,†,†,†,†,†,†,†,†,†,†,†,†,†,†,†,†,†,†,†,†
SANTA ROSA CITY SCHOOLS,California,†,†,†,†,†,†,†,†,†,†,†,†,†,†,†,†,†,†,†,†,†
SANTA ROSA ELEMENTARY,California,†,†,†,†,†,†,†,†,†,†,†,†,†,†,†,†,†,†,†,†,†
SANTA ROSA HIGH,California,12,130,971,45,727,10,127,12,132,924,44,728,9,120,18,125,942,48,739,12,100
SANTA YNEZ VALLEY UNION HIGH,California,5,1,98,1,134,–,9,1,2,109,1,126,–,11,2,1,90,–,121,–,9
SANTEE,California,†,†,†,†,†,†,†,†,†,†,†,†,†,†,†,†,†,†,†,†,†
SARATOGA UNION ELEMENTARY,California,†,†,†,†,†,†,†,†,†,†,†,†,†,†,†,†,†,†,†,†,†
SAUCELITO ELEMENTARY,California,†,†,†,†,†,†,†,†,†,†,†,†,†,†,†,†,†,†,†,†,†
SAUGUS UNION,California,†,†,†,†,†,†,†,†,†,†,†,†,†,†,†,†,†,†,†,†,†
SAUSALITO MARIN CITY,California,†,†,†,†,†,†,†,†,†,†,†,†,†,†,†,†,†,†,†,†,†
SAVANNA ELEMENTARY,California,†,†,†,†,†,†,†,†,†,†,†,†,†,†,†,†,†,†,†,†,†
SBC - HIGH TECH HIGH,California,3,17,146,9,69,1,12,2,30,160,8,69,3,8,6,24,153,7,64,–,14
SBE - ACADEMIA AVANCE CHARTER,CALIFORNIA,–,–,63,–,–,–,2,–,–,49,–,–,–,3,–,–,68,–,–,–,1
SBE - ANAHUACALMECAC INTERNATIONAL UNIV PREP OF N. AMERICA,CALIFORNIA,–,–,15,1,–,–,1,–,–,31,–,–,–,–,–,–,24,–,–,–,–
SBE - AUDEO CHARTER II,CALIFORNIA,–,–,39,1,21,–,2,–,–,18,–,10,1,2,–,3,79,4,46,1,4
SBE - BARACK OBAMA CHARTER,California,†,†,†,†,†,†,†,†,†,†,†,†,†,†,†,†,†,†,†,†,†
SBE - BAYPOINT PREPARATORY ACADEMY,CALIFORNIA,–,–,–,–,3,–,–,–,–,2,–,4,–,–,–,–,–,–,1,–,–
SBE - LIFELINE EDUCATION CHARTER,California,–,–,68,10,–,–,–,–,–,52,6,–,–,–,–,–,36,5,–,–,–
SBE - MAGNOLIA SCIENCE ACADEMY SANTA ANA,CALIFORNIA,–,2,33,–,9,–,–,–,–,7,–,3,–,1,–,1,11,–,2,–,–
SBE - NEW WEST CHARTER,California,–,8,31,9,47,–,10,–,3,26,2,56,–,6,–,8,14,6,49,–,17
SBE - OLIVE GROVE CHARTER,CALIFORNIA,1,1,33,1,20,–,2,1,–,29,1,23,–,2,–,1,38,1,27,–,6
SBE - ONEPURPOSE,CALIFORNIA,†,†,†,†,†,†,†,†,†,†,†,†,†,†,†,†,†,†,†,†,†
SBE - PARAMOUNT COLLEGIATE ACADEMY,CALIFORNIA,–,–,3,1,5,–,–,0,0,0,0,0,0,0,0,0,0,0,0,0,0
SBE - PREPA TEC LOS ANGELES HIGH,CALIFORNIA,0,0,0,0,0,0,0,0,0,0,0,0,0,0,0,0,0,0,0,0,0
SBE - RIDGECREST CHARTER,California,†,†,†,†,†,†,†,†,†,†,†,†,†,†,†,†,†,†,†,†,†
SBE - ROCKETSHIP FUTURO ACADEMY,CALIFORNIA,†,†,†,†,†,†,†,†,†,†,†,†,†,†,†,†,†,†,†,†,†
SBE - ROSS VALLEY ELEMENTARY,CALIFORNIA,†,†,†,†,†,†,†,†,†,†,†,†,†,†,†,†,†,†,†,†,†
SBE - THE NEW SCHOOL OF SAN FRANCISCO,CALIFORNIA,†,†,†,†,†,†,†,†,†,†,†,†,†,†,†,†,†,†,†,†,†
SBE - THE SCHOOL OF ARTS AND ENTERPRISE,California,1,1,66,4,8,1,13,1,–,80,5,18,–,9,–,2,69,5,16,1,5
SBE - THRIVE PUBLIC,CALIFORNIA,0,0,0,0,0,0,0,0,0,0,0,0,0,0,0,0,0,0,0,0,0
SBE - WEI YU INTERNATIONAL CHARTER,CALIFORNIA,†,†,†,†,†,†,†,†,†,†,†,†,†,†,†,†,†,†,†,†,†
SCHOOL PROJECT UTILITY RATE REDUCTION,California,†,†,†,†,†,†,†,†,†,†,†,†,†,†,†,†,†,†,†,†,†
SCOTIA UNION ELEMENTARY,California,†,†,†,†,†,†,†,†,†,†,†,†,†,†,†,†,†,†,†,†,†
SCOTT VALLEY UNIFIED,California,4,1,4,1,35,–,2,3,3,8,2,35,–,1,5,1,7,–,28,1,1
SCOTTS VALLEY UNIFIED,California,2,6,29,2,163,–,24,–,3,36,–,137,–,12,–,8,26,–,142,1,8
SEBASTOPOL UNION ELEMENTARY,California,†,†,†,†,†,†,†,†,†,†,†,†,†,†,†,†,†,†,†,†,†
SEELEY UNION ELEMENTARY,California,†,†,†,†,†,†,†,†,†,†,†,†,†,†,†,†,†,†,†,†,†
SEIAD ELEMENTARY,California,†,†,†,†,†,†,†,†,†,†,†,†,†,†,†,†,†,†,†,†,†
SELMA UNIFIED,California,1,38,450,2,22,1,–,2,25,446,1,24,1,1,2,31,384,1,25,–,2
SEMITROPIC ELEMENTARY,California,†,†,†,†,†,†,†,†,†,†,†,†,†,†,†,†,†,†,†,†,†
SEQUOIA UNION ELEMENTARY,California,†,†,†,†,†,†,†,†,†,†,†,†,†,†,†,†,†,†,†,†,†
SEQUOIA UNION HIGH,California,17,232,1130,61,904,62,80,12,229,1131,51,871,59,78,3,204,1174,78,823,59,140
SHAFFER UNION ELEMENTARY,California,†,†,†,†,†,†,†,†,†,†,†,†,†,†,†,†,†,†,†,†,†
SHANDON JOINT UNIFIED,California,–,–,17,–,5,–,–,–,–,18,–,1,–,1,–,–,9,–,4,–,–
SHASTA COUNTY OFFICE OF EDUCATION,California,2,–,3,1,17,–,1,3,2,8,–,31,1,1,4,1,10,2,31,–,5
SHASTA UNION ELEMENTARY,California,†,†,†,†,†,†,†,†,†,†,†,†,†,†,†,†,†,†,†,†,†
SHASTA UNION HIGH,California,52,78,214,28,928,5,62,40,53,166,27,869,5,50,41,73,182,23,947,1,75
SHASTA-TRINITY ROP,California,0,0,0,0,0,0,0,0,0,0,0,0,0,0,0,0,0,0,0,0,0
SHASTA-TRINITY ROP JPA,California,†,†,†,†,†,†,†,†,†,†,†,†,†,†,†,†,†,†,†,†,†
SHILOH ELEMENTARY,California,†,†,†,†,†,†,†,†,†,†,†,†,†,†,†,†,†,†,†,†,†
SHORELINE UNIFIED,California,–,1,24,–,13,1,–,1,–,21,–,9,–,1,–,–,25,1,14,–,–
SIERRA COUNTY OFFICE OF EDUCATION,California,0,0,0,0,0,0,0,0,0,0,0,0,0,0,0,0,0,0,0,0,0
SIERRA SANDS UNIFIED,California,5,19,98,31,231,3,3,7,17,91,21,222,6,8,5,19,72,24,223,4,6
SIERRA UNIFIED,California,21,–,18,–,69,–,–,19,4,13,2,99,–,–,13,2,16,2,89,–,2
SIERRA-PLUMAS JOINT UNIFIED,California,–,–,2,–,22,–,1,–,–,4,–,23,–,1,–,–,6,–,19,–,–
SILICON VALLEY JOINT POWERS TRANSPORTATION AGENCY,California,†,†,†,†,†,†,†,†,†,†,†,†,†,†,†,†,†,†,†,†,†
SILVER FORK ELEMENTARY,California,†,†,†,†,†,†,†,†,†,†,†,†,†,†,†,†,†,†,†,†,†
SILVER VALLEY UNIFIED,California,2,5,35,13,48,6,10,–,6,41,18,35,2,6,–,4,32,16,42,2,3
SIMI VALLEY UNIFIED,California,5,130,500,15,696,2,58,9,152,465,17,788,–,53,2,138,460,18,754,3,55
SISKIYOU COUNTY OFFICE OF EDUCATION,California,6,1,9,–,38,–,3,4,–,5,1,33,–,6,3,–,7,–,39,–,7
SISKIYOU ROP,California,0,0,0,0,0,0,0,0,0,0,0,0,0,0,0,0,0,0,0,0,0
SISKIYOU UNION HIGH,California,8,4,33,6,87,–,8,12,3,24,2,82,1,18,8,8,20,3,100,4,8
SNELLING-MERCED FALLS UNION ELEMENTARY,California,†,†,†,†,†,†,†,†,†,†,†,†,†,†,†,†,†,†,†,†,†
SNOWLINE JOINT UNIFIED,California,3,17,274,35,260,3,23,1,21,250,28,239,3,25,3,17,249,43,238,3,31
SOLANA BEACH ELEMENTARY,California,†,†,†,†,†,†,†,†,†,†,†,†,†,†,†,†,†,†,†,†,†
SOLANO COUNTY OFFICE OF EDUCATION,California,–,1,13,1,11,1,4,1,2,22,16,12,–,3,–,2,17,15,9,1,2
SOLEDAD UNIFIED,California,1,6,371,1,6,1,2,1,5,341,3,13,–,1,1,5,321,–,10,2,1
SOLVANG ELEMENTARY,California,†,†,†,†,†,†,†,†,†,†,†,†,†,†,†,†,†,†,†,†,†
SOMIS UNION,California,†,†,†,†,†,†,†,†,†,†,†,†,†,†,†,†,†,†,†,†,†
SONOMA COUNTY OFFICE OF EDUCATION,California,5,–,21,3,12,–,–,3,2,31,5,27,–,1,1,1,40,2,14,1,1
SONOMA COUNTY ROP,California,0,0,0,0,0,0,0,0,0,0,0,0,0,0,0,0,0,0,0,0,0
SONOMA VALLEY UNIFIED,California,–,10,185,4,144,1,3,–,8,219,3,121,–,3,–,10,158,2,132,1,4
SONORA ELEMENTARY,California,†,†,†,†,†,†,†,†,†,†,†,†,†,†,†,†,†,†,†,†,†
SONORA UNION HIGH,California,1,4,67,2,198,–,17,5,5,43,3,196,1,9,9,6,52,3,180,3,6
SOQUEL UNION ELEMENTARY,California,†,†,†,†,†,†,†,†,†,†,†,†,†,†,†,†,†,†,†,†,†
SOULSBYVILLE ELEMENTARY,California,†,†,†,†,†,†,†,†,†,†,†,†,†,†,†,†,†,†,†,†,†
SOUTH BAY UNION,California,†,†,†,†,†,†,†,†,†,†,†,†,†,†,†,†,†,†,†,†,†
SOUTH BAY UNION ELEMENTARY,California,–,–,6,–,23,–,9,3,–,5,–,35,–,7,3,1,6,–,30,–,6
SOUTH COUNTY SUPPORT SERVICES AGENCY,California,†,†,†,†,†,†,†,†,†,†,†,†,†,†,†,†,†,†,†,†,†
SOUTH FORK UNION,California,†,†,†,†,†,†,†,†,†,†,†,†,†,†,†,†,†,†,†,†,†
SOUTH MONTEREY COUNTY JOINT UNION HIGH,California,3,4,541,1,29,–,5,1,5,491,2,26,–,5,1,2,459,2,36,–,3
SOUTH PASADENA UNIFIED,California,1,153,107,9,101,1,23,4,152,91,10,127,–,21,2,161,82,10,85,–,15
SOUTH SAN FRANCISCO UNIFIED,California,1,254,336,11,53,11,37,2,259,336,11,51,12,49,–,301,319,9,44,17,49
SOUTH WHITTIER ELEMENTARY,California,†,†,†,†,†,†,†,†,†,†,†,†,†,†,†,†,†,†,†,†,†
SOUTHEAST ROP,California,0,0,0,0,0,0,0,0,0,0,0,0,0,0,0,0,0,0,0,0,0
SOUTHEAST ROP,California,†,†,†,†,†,†,†,†,†,†,†,†,†,†,†,†,†,†,†,†,†
SOUTHERN CALIFORNIA ROC,California,0,0,0,0,0,0,0,0,0,0,0,0,0,0,0,0,0,0,0,0,0
SOUTHERN CALIFORNIA ROP,California,†,†,†,†,†,†,†,†,†,†,†,†,†,†,†,†,†,†,†,†,†
SOUTHERN HUMBOLDT JOINT UNIFIED,California,–,1,8,1,45,–,1,1,–,6,2,33,–,3,1,3,8,–,24,–,–
SOUTHERN KERN UNIFIED,California,2,6,115,36,73,1,5,2,3,128,14,75,1,8,6,3,126,26,75,–,4
SOUTHERN PLACER SCHOOLS TRANSPORTATION AUTHORITY,California,†,†,†,†,†,†,†,†,†,†,†,†,†,†,†,†,†,†,†,†,†
SOUTHERN TRINITY JOINT UNIFIED,California,–,–,1,–,11,–,1,–,–,–,–,1,–,–,1,–,–,–,7,–,–
SOUTHSIDE ELEMENTARY,California,†,†,†,†,†,†,†,†,†,†,†,†,†,†,†,†,†,†,†,†,†
SOUTHWEST TRANSPORTATION AGENCY,California,†,†,†,†,†,†,†,†,†,†,†,†,†,†,†,†,†,†,†,†,†
SPENCER VALLEY ELEMENTARY,California,5,10,85,23,135,2,25,3,15,82,17,124,–,26,3,16,108,27,139,–,36
SPRECKELS UNION ELEMENTARY,California,†,†,†,†,†,†,†,†,†,†,†,†,†,†,†,†,†,†,†,†,†
SPRINGVILLE UNION ELEMENTARY,California,†,†,†,†,†,†,†,†,†,†,†,†,†,†,†,†,†,†,†,†,†
STANDARD ELEMENTARY,California,†,†,†,†,†,†,†,†,†,†,†,†,†,†,†,†,†,†,†,†,†
STANISLAUS COUNTY OFFICE OF EDUCATION,California,2,2,96,4,48,2,4,4,4,113,12,62,–,8,8,21,426,42,187,5,27
STANISLAUS UNION ELEMENTARY,California,†,†,†,†,†,†,†,†,†,†,†,†,†,†,†,†,†,†,†,†,†
STOCKTON UNIFIED,California,73,398,1755,322,158,21,29,77,398,1595,297,177,14,27,69,422,1552,275,153,11,29
STONE CORRAL ELEMENTARY,California,–,3,155,6,46,1,5,3,6,136,1,36,–,8,1,1,25,1,13,–,3
STONY CREEK JOINT UNIFIED,California,3,–,–,–,4,–,–,1,–,–,–,3,–,–,2,–,1,–,2,–,1
STRATHMORE UNION ELEMENTARY,California,†,†,†,†,†,†,†,†,†,†,†,†,†,†,†,†,†,†,†,†,†
SULPHUR SPRINGS UNION,California,†,†,†,†,†,†,†,†,†,†,†,†,†,†,†,†,†,†,†,†,†
SUMMERVILLE ELEMENTARY,California,†,†,†,†,†,†,†,†,†,†,†,†,†,†,†,†,†,†,†,†,†
SUMMERVILLE UNION HIGH,California,3,1,25,1,134,–,11,20,2,39,5,187,1,4,8,4,20,3,128,–,3
SUNDALE UNION ELEMENTARY,California,†,†,†,†,†,†,†,†,†,†,†,†,†,†,†,†,†,†,†,†,†
SUNNYSIDE UNION ELEMENTARY,California,†,†,†,†,†,†,†,†,†,†,†,†,†,†,†,†,†,†,†,†,†
SUNNYVALE,California,†,†,†,†,†,†,†,†,†,†,†,†,†,†,†,†,†,†,†,†,†
SUNOL GLEN UNIFIED,California,†,†,†,†,†,†,†,†,†,†,†,†,†,†,†,†,†,†,†,†,†
SURPRISE VALLEY JOINT UNIFIED,California,1,–,1,–,3,–,–,1,–,–,–,3,–,–,2,–,3,–,3,–,–
SUSANVILLE ELEMENTARY,California,†,†,†,†,†,†,†,†,†,†,†,†,†,†,†,†,†,†,†,†,†
SUTTER COUNTY OFFICE OF EDUCATION,California,1,1,18,1,21,–,1,–,2,21,1,19,–,3,2,7,39,4,40,–,6
SUTTER UNION HIGH,California,3,6,53,2,135,–,9,8,4,50,1,114,–,15,5,5,42,1,125,–,13
SWEETWATER UNION HIGH,California,18,687,5437,182,379,18,321,19,704,5549,183,413,21,325,9,666,6128,202,424,31,361
SYLVAN UNION ELEMENTARY,California,†,†,†,†,†,†,†,†,†,†,†,†,†,†,†,†,†,†,†,†,†
TAFT CITY,California,†,†,†,†,†,†,†,†,†,†,†,†,†,†,†,†,†,†,†,†,†
TAFT UNION HIGH,California,4,2,109,1,117,1,6,6,1,98,2,133,5,5,4,–,117,3,147,1,6
TAHOE-TRUCKEE UNIFIED,California,–,–,111,1,185,–,5,1,1,109,1,147,–,9,3,1,106,2,164,–,9
TAMALPAIS UNION HIGH,California,6,86,143,32,888,6,79,5,77,125,31,826,4,63,2,78,113,26,801,5,62
TEHACHAPI UNIFIED,California,1,6,97,6,198,–,2,2,7,117,3,213,–,3,2,5,93,13,224,–,6
TEHAMA COUNTY DEPARTMENT OF EDUCATION,California,–,–,6,–,16,–,–,–,–,5,1,21,–,2,–,–,8,–,14,–,2
TEHAMA COUNTY ROP,California,0,0,0,0,0,0,0,0,0,0,0,0,0,0,0,0,0,0,0,0,0
TEMECULA VALLEY UNIFIED,California,14,210,807,81,1019,7,247,14,248,823,105,1096,2,248,17,216,816,104,1076,9,252
TEMPLE CITY UNIFIED,California,2,340,105,2,51,–,14,1,391,91,3,46,1,14,–,381,119,5,51,–,7
TEMPLETON UNIFIED,California,2,6,40,–,144,–,10,1,4,39,1,158,1,14,2,5,37,3,143,–,5
TERRA BELLA UNION ELEMENTARY,California,†,†,†,†,†,†,†,†,†,†,†,†,†,†,†,†,†,†,†,†,†
THERMALITO UNION ELEMENTARY,California,†,†,†,†,†,†,†,†,†,†,†,†,†,†,†,†,†,†,†,†,†
THREE RIVERS UNION ELEMENTARY,California,†,†,†,†,†,†,†,†,†,†,†,†,†,†,†,†,†,†,†,†,†
TIPTON ELEMENTARY,California,†,†,†,†,†,†,†,†,†,†,†,†,†,†,†,†,†,†,†,†,†
TORRANCE UNIFIED,California,4,669,627,80,473,8,163,7,668,592,95,469,14,169,4,722,617,99,516,10,172
TRACY JOINT UNIFIED,California,4,263,747,93,399,12,54,6,298,721,121,385,12,57,10,307,656,116,417,10,63
TRAVER JOINT ELEMENTARY,California,†,†,†,†,†,†,†,†,†,†,†,†,†,†,†,†,†,†,†,†,†
TRAVIS UNIFIED,California,4,67,111,76,136,7,36,2,90,100,66,166,4,29,1,76,106,46,128,8,38
TRES PINOS UNION ELEMENTARY,California,†,†,†,†,†,†,†,†,†,†,†,†,†,†,†,†,†,†,†,†,†
TRI-CITIES ROP,California,†,†,†,†,†,†,†,†,†,†,†,†,†,†,†,†,†,†,†,†,†
TRI-CITIES ROP,California,0,0,0,0,0,0,0,0,0,0,0,0,0,0,0,0,0,0,0,0,0
TRI-COUNTY ROP,California,0,0,0,0,0,0,0,0,0,0,0,0,0,0,0,0,0,0,0,0,0
TRI-VALLEY ROP,California,0,0,0,0,0,0,0,0,0,0,0,0,0,0,0,0,0,0,0,0,0
TRI-VALLEY ROP JPA,California,†,†,†,†,†,†,†,†,†,†,†,†,†,†,†,†,†,†,†,†,†
TRINIDAD UNION ELEMENTARY,California,†,†,†,†,†,†,†,†,†,†,†,†,†,†,†,†,†,†,†,†,†
TRINITY ALPS UNIFIED,California,7,2,3,–,76,–,10,10,3,10,1,60,–,11,2,1,8,1,57,–,12
TRINITY CENTER ELEMENTARY,California,†,†,†,†,†,†,†,†,†,†,†,†,†,†,†,†,†,†,†,†,†
TRINITY COUNTY OFFICE OF EDUCATION,California,1,–,1,2,5,–,–,1,–,–,1,13,–,1,5,1,17,5,27,–,1
TRONA JOINT UNIFIED,California,–,–,–,–,–,–,–,–,–,–,–,–,–,–,–,–,–,–,–,–,–
TULARE CITY,California,†,†,†,†,†,†,†,†,†,†,†,†,†,†,†,†,†,†,†,†,†
TULARE COUNTY OFFICE OF EDUCATION,California,2,5,144,4,59,–,7,1,5,161,6,70,–,3,–,6,152,6,68,1,1
TULARE JOINT UNION HIGH,California,10,25,1024,41,292,–,13,7,15,1035,42,252,4,15,12,25,901,49,242,3,10
TULELAKE BASIN JOINT UNIFIED,California,–,–,21,–,13,–,–,–,–,26,–,9,–,2,–,–,26,–,10,–,–
TUOLUMNE COUNTY SUPERINTENDENT OF SCHOOLS,California,–,–,2,–,7,–,–,1,–,3,–,9,–,1,–,–,1,–,6,–,2
TURLOCK UNIFIED,California,6,71,659,30,417,4,28,8,78,637,24,411,15,26,17,71,640,35,434,5,27
TUSTIN UNIFIED,California,2,404,986,37,615,5,58,5,389,844,31,581,6,43,6,351,948,47,561,11,38
TWAIN HARTE,California,†,†,†,†,†,†,†,†,†,†,†,†,†,†,†,†,†,†,†,†,†
TWIN HILLS UNION ELEMENTARY,California,–,–,9,1,15,–,1,–,–,1,1,24,–,3,–,–,5,–,21,–,3
TWIN RIDGES ELEMENTARY,California,†,†,†,†,†,†,†,†,†,†,†,†,†,†,†,†,†,†,†,†,†
TWIN RIVERS UNIFIED,California,18,207,838,292,554,42,84,14,229,889,314,569,36,71,19,244,1170,545,680,38,109
TWO ROCK UNION,California,†,†,†,†,†,†,†,†,†,†,†,†,†,†,†,†,†,†,†,†,†
UKIAH UNIFIED,California,21,10,241,9,246,–,11,26,9,237,6,202,–,6,36,11,204,6,215,–,10
UNION ELEMENTARY,California,†,†,†,†,†,†,†,†,†,†,†,†,†,†,†,†,†,†,†,†,†
UNION HILL ELEMENTARY,California,†,†,†,†,†,†,†,†,†,†,†,†,†,†,†,†,†,†,†,†,†
UNION JOINT ELEMENTARY,California,†,†,†,†,†,†,†,†,†,†,†,†,†,†,†,†,†,†,†,†,†
UPLAND UNIFIED,California,4,58,491,93,213,7,12,5,66,462,73,190,5,23,10,67,494,87,227,2,17
UPPER LAKE UNIFIED,CALIFORNIA,7,1,21,1,49,–,9,8,1,23,1,43,–,6,5,–,20,–,32,–,5
UPPER LAKE UNION ELEMENTARY,California,†,†,†,†,†,†,†,†,†,†,†,†,†,†,†,†,†,†,†,†,†
UPPER LAKE UNION HIGH,California,†,†,†,†,†,†,†,†,†,†,†,†,†,†,†,†,†,†,†,†,†
VACAVILLE UNIFIED,California,11,69,365,97,501,13,75,11,62,343,73,516,8,67,7,70,278,67,442,6,44
VAL VERDE UNIFIED,California,7,42,1141,264,83,7,21,5,38,1161,253,57,7,29,5,36,1068,307,69,9,14
VALLE LINDO ELEMENTARY,California,†,†,†,†,†,†,†,†,†,†,†,†,†,†,†,†,†,†,†,†,†
VALLECITO UNION,California,†,†,†,†,†,†,†,†,†,†,†,†,†,†,†,†,†,†,†,†,†
VALLECITOS ELEMENTARY,California,–,1,8,–,6,1,–,2,1,33,1,18,1,–,1,–,22,1,12,–,–
VALLEJO CITY UNIFIED,California,5,218,369,264,66,19,26,4,217,384,304,77,24,29,4,208,353,266,58,16,17
VALLEY CENTER-PAUMA UNIFIED,California,39,6,152,1,117,2,5,22,14,153,4,115,1,12,34,8,148,–,124,1,4
VALLEY HOME JOINT ELEMENTARY,California,†,†,†,†,†,†,†,†,†,†,†,†,†,†,†,†,†,†,†,†,†
VALLEY ROP,California,0,0,0,0,0,0,0,0,0,0,0,0,0,0,0,0,0,0,0,0,0
VALLEY ROP JPA,California,†,†,†,†,†,†,†,†,†,†,†,†,†,†,†,†,†,†,†,†,†
VENTURA COUNTY OFFICE OF EDUCATION,California,4,5,272,6,89,–,8,3,3,247,9,95,–,7,2,1,173,3,80,–,15
VENTURA COUNTY ROP,California,0,0,0,0,0,0,0,0,0,0,0,0,0,0,0,0,0,0,0,0,0
VENTURA COUNTY SCHOOLS BUSINESS SERVICES JPA,California,†,†,†,†,†,†,†,†,†,†,†,†,†,†,†,†,†,†,†,†,†
VENTURA UNIFIED,California,6,48,661,18,591,3,44,7,38,690,21,624,8,43,11,47,611,19,577,1,46
VICTOR ELEMENTARY,California,†,†,†,†,†,†,†,†,†,†,†,†,†,†,†,†,†,†,†,†,†
VICTOR VALLEY UNION HIGH,California,29,68,1567,508,389,14,184,33,81,1476,422,394,18,145,27,62,1384,466,422,16,115
VINELAND ELEMENTARY,California,†,†,†,†,†,†,†,†,†,†,†,†,†,†,†,†,†,†,†,†,†
VISALIA UNIFIED,California,30,135,1422,36,554,5,63,21,114,1341,43,550,–,47,31,111,1332,35,544,3,35
VISTA DEL MAR UNION,California,†,†,†,†,†,†,†,†,†,†,†,†,†,†,†,†,†,†,†,†,†
VISTA UNIFIED,California,7,85,1113,34,544,16,74,8,112,1160,71,517,17,77,18,97,1809,280,620,28,123
WALNUT CREEK ELEMENTARY,California,†,†,†,†,†,†,†,†,†,†,†,†,†,†,†,†,†,†,†,†,†
WALNUT VALLEY UNIFIED,California,1,938,324,41,117,5,34,1,979,331,34,145,9,21,–,924,309,27,137,7,18
WARNER UNIFIED,California,9,3,24,4,44,–,6,17,1,23,–,42,–,8,14,2,45,6,46,–,6
WASCO UNION ELEMENTARY,California,†,†,†,†,†,†,†,†,†,†,†,†,†,†,†,†,†,†,†,†,†
WASCO UNION HIGH,California,1,1,498,9,23,–,2,–,1,394,9,32,–,1,–,–,375,6,29,1,1
WASHINGTON COLONY ELEMENTARY,California,†,†,†,†,†,†,†,†,†,†,†,†,†,†,†,†,†,†,†,†,†
WASHINGTON UNIFIED,California,9,83,273,32,181,5,18,6,69,242,33,203,15,12,11,76,210,42,152,7,6
WASHINGTON UNIFIED,California,4,22,253,17,23,–,10,36,18,190,23,26,–,4,1,30,280,39,39,–,1
WASHINGTON UNION ELEMENTARY,California,†,†,†,†,†,†,†,†,†,†,†,†,†,†,†,†,†,†,†,†,†
WATERFORD UNIFIED,California,4,18,161,6,127,1,12,2,8,142,3,139,2,25,4,6,150,3,129,–,16
WAUGH ELEMENTARY,California,†,†,†,†,†,†,†,†,†,†,†,†,†,†,†,†,†,†,†,†,†
WAUKENA JOINT UNION ELEMENTARY,California,†,†,†,†,†,†,†,†,†,†,†,†,†,†,†,†,†,†,†,†,†
WEAVER UNION,California,†,†,†,†,†,†,†,†,†,†,†,†,†,†,†,†,†,†,†,†,†
WEED UNION ELEMENTARY,California,†,†,†,†,†,†,†,†,†,†,†,†,†,†,†,†,†,†,†,†,†
WEST CONTRA COSTA UNIFIED,California,3,381,1277,396,203,21,27,5,418,1240,421,197,8,53,3,402,1177,472,190,18,32
WEST COUNTY TRANSPORTATION JPA,California,†,†,†,†,†,†,†,†,†,†,†,†,†,†,†,†,†,†,†,†,†
WEST COVINA UNIFIED,California,2,127,730,70,146,1,29,2,173,689,77,143,3,26,6,153,746,72,149,5,39
WEST PARK ELEMENTARY,California,–,–,28,2,2,–,2,1,–,49,1,9,–,–,2,–,57,5,6,–,2
WEST SIDE ROP,California,0,0,0,0,0,0,0,0,0,0,0,0,0,0,0,0,0,0,0,0,0
WEST SIDE ROP JPA,California,†,†,†,†,†,†,†,†,†,†,†,†,†,†,†,†,†,†,†,†,†
WEST SIDE UNION ELEMENTARY,California,†,†,†,†,†,†,†,†,†,†,†,†,†,†,†,†,†,†,†,†,†
WEST SONOMA COUNTY UNION HIGH,California,4,17,91,9,328,1,9,1,13,110,1,330,2,9,5,19,90,8,375,–,18
WEST VALLEY SCHOOLS TRANSPORTATION AGENCY JPA,California,†,†,†,†,†,†,†,†,†,†,†,†,†,†,†,†,†,†,†,†,†
WESTERN PLACER UNIFIED,California,7,26,172,21,408,6,26,10,42,169,14,429,4,25,7,42,217,26,453,1,35
WESTMINSTER,California,†,†,†,†,†,†,†,†,†,†,†,†,†,†,†,†,†,†,†,†,†
WESTMORLAND UNION ELEMENTARY,California,†,†,†,†,†,†,†,†,†,†,†,†,†,†,†,†,†,†,†,†,†
WESTSIDE ELEMENTARY,California,3,8,139,17,60,–,14,2,5,105,13,58,–,10,2,3,44,1,20,–,3
WESTSIDE UNION ELEMENTARY,California,†,†,†,†,†,†,†,†,†,†,†,†,†,†,†,†,†,†,†,†,†
WESTWOOD UNIFIED,California,–,–,3,–,18,–,4,–,1,7,1,21,–,2,5,1,13,–,48,–,5
WHEATLAND,California,†,†,†,†,†,†,†,†,†,†,†,†,†,†,†,†,†,†,†,†,†
WHEATLAND UNION HIGH,California,2,5,56,7,94,1,26,1,6,51,5,84,–,11,3,2,52,6,77,1,18
WHITMORE UNION ELEMENTARY,California,–,–,1,–,17,–,–,1,–,1,–,11,1,3,–,–,3,–,10,–,–
WHITTIER CITY ELEMENTARY,California,†,†,†,†,†,†,†,†,†,†,†,†,†,†,†,†,†,†,†,†,†
WHITTIER UNION HIGH,California,9,54,2540,27,269,5,12,2,73,2798,26,263,2,16,7,59,2732,30,247,5,7
WILLIAM (R) ROUSE ROP,California,0,0,0,0,0,0,0,0,0,0,0,0,0,0,0,0,0,0,0,0,0
WILLIAM S. HART UNION HIGH,California,16,493,2035,293,1807,5,277,14,467,1978,240,1833,10,281,19,481,1812,208,1837,6,272
WILLIAMS UNIFIED,California,–,1,78,1,7,–,–,–,–,95,–,3,–,–,1,2,95,1,5,–,–
WILLITS UNIFIED,California,9,1,30,–,65,1,6,8,1,39,1,87,1,8,10,3,45,2,87,–,11
WILLOW CREEK ELEMENTARY,California,†,†,†,†,†,†,†,†,†,†,†,†,†,†,†,†,†,†,†,†,†
WILLOW GROVE UNION ELEMENTARY,California,†,†,†,†,†,†,†,†,†,†,†,†,†,†,†,†,†,†,†,†,†
WILLOWS UNIFIED,California,5,5,56,1,49,1,2,2,3,52,1,54,–,2,–,9,52,–,53,2,2
WILMAR UNION ELEMENTARY,California,†,†,†,†,†,†,†,†,†,†,†,†,†,†,†,†,†,†,†,†,†
WILSONA ELEMENTARY,California,†,†,†,†,†,†,†,†,†,†,†,†,†,†,†,†,†,†,†,†,†
WINDSOR UNIFIED,California,4,11,194,4,209,6,5,4,4,193,7,213,2,4,8,14,205,5,239,–,6
WINSHIP-ROBBINS,California,–,–,4,–,17,–,2,–,–,5,–,13,–,3,–,–,–,–,13,–,1
WINTERS JOINT UNIFIED,California,–,1,77,4,36,–,–,1,5,81,2,41,–,1,–,1,85,–,30,–,3
WINTON,California,†,†,†,†,†,†,†,†,†,†,†,†,†,†,†,†,†,†,†,†,†
WISEBURN UNIFIED,CALIFORNIA,–,18,210,45,53,2,18,–,13,165,65,49,2,25,1,22,209,64,66,1,19
WOODLAKE UNIFIED,California,–,2,145,–,20,–,–,–,–,138,1,17,–,–,–,2,158,2,19,–,–
WOODLAND JOINT UNIFIED,California,2,46,527,10,155,4,14,3,49,500,6,180,1,14,3,40,446,8,206,–,13
WOODSIDE ELEMENTARY,California,†,†,†,†,†,†,†,†,†,†,†,†,†,†,†,†,†,†,†,†,†
WOODVILLE UNION ELEMENTARY,California,†,†,†,†,†,†,†,†,†,†,†,†,†,†,†,†,†,†,†,†,†
WRIGHT ELEMENTARY,California,†,†,†,†,†,†,†,†,†,†,†,†,†,†,†,†,†,†,†,†,†
YOLO COUNTY OFFICE OF EDUCATION,California,–,–,30,–,12,1,1,–,–,50,1,5,1,1,–,1,26,4,4,–,–
YOLO COUNTY ROP,California,0,0,0,0,0,0,0,0,0,0,0,0,0,0,0,0,0,0,0,0,0
YOSEMITE ROP,California,†,†,†,†,†,†,†,0,0,0,0,0,0,0,0,0,0,0,0,0,0
YOSEMITE UNIFIED,California,10,7,36,–,154,–,13,7,2,45,2,157,–,17,1,2,36,–,153,–,15
YREKA UNION ELEMENTARY,California,†,†,†,†,†,†,†,†,†,†,†,†,†,†,†,†,†,†,†,†,†
YREKA UNION HIGH,California,4,3,28,1,114,–,11,13,3,19,2,91,–,19,7,2,29,1,107,–,12
YUBA CITY UNIFIED,California,8,212,433,22,255,5,59,10,205,396,26,262,4,41,8,196,390,16,274,6,57
YUBA COUNTY OFFICE OF EDUCATION,California,3,–,27,4,33,–,9,6,1,24,6,41,–,8,2,3,50,4,64,2,13
YUCAIPA-CALIMESA JOINT UNIFIED,California,5,12,297,13,396,1,10,5,27,291,11,427,1,4,3,18,288,14,410,3,5
,,,,,,,,,,,,,,,,,,,,,,
,,,,,,,,,,,,,,,,,,,,,,
"Data Source: U.S. Department of Education National Center for Education Statistics Common Core of Data (CCD) ""Local Education Agency (School District) Universe Survey"" 2016-17 v.2a  2018-19 v.1a.",,,,,,,,,,,,,,,,,,,,,,
,,,,,,,,,,,,,,,,,,,,,,
† indicates that the data are not applicable.,,,,,,,,,,,,,,,,,,,,,,
– indicates that the data are missing.,,,,,,,,,,,,,,,,,,,,,,
‡ indicates that the data do not meet NCES data quality standards.,,,,,,,,,,,,,,,,,,,,,,